INFO 2026-07-17 23:56:46,895 autoreload 10096 15908 Watching for file changes with StatReloader
INFO 2026-07-17 23:56:58,202 autoreload 10096 15908 D:\intership traning\bookmyseat\bookmyseat\__init__.py changed, reloading.
INFO 2026-07-17 23:56:58,754 autoreload 15512 7184 Watching for file changes with StatReloader
INFO 2026-07-18 00:01:00,786 autoreload 17488 6340 Watching for file changes with StatReloader
INFO 2026-07-18 00:01:15,703 log 17488 5312 "POST /logout/ HTTP/1.1" 200 11192
INFO 2026-07-18 00:01:24,228 log 17488 5312 "GET / HTTP/1.1" 200 1358746
INFO 2026-07-18 00:01:27,709 log 17488 5312 "GET /login/ HTTP/1.1" 200 14824
INFO 2026-07-18 00:01:46,312 log 17488 5312 "POST /login/ HTTP/1.1" 302 0
INFO 2026-07-18 00:01:53,881 log 17488 5312 "GET / HTTP/1.1" 200 1359139
INFO 2026-07-18 00:02:01,365 log 17488 5312 "GET /movies/8/theaters HTTP/1.1" 200 15189
INFO 2026-07-18 00:02:07,798 log 17488 5312 "GET /movies/theater/1/seats/book/ HTTP/1.1" 200 17890
ERROR 2026-07-18 00:03:23,591 views 17488 5312 Failed to queue booking confirmation email for booking IDs [3]. Error: Error 10061 connecting to 127.0.0.1:6379. No connection could be made because the target machine actively refused it.
INFO 2026-07-18 00:03:23,593 log 17488 5312 "POST /movies/theater/1/seats/book/ HTTP/1.1" 302 0
INFO 2026-07-18 00:03:29,495 log 17488 5312 "GET /profile/ HTTP/1.1" 200 18425
INFO 2026-07-18 00:05:31,970 autoreload 17488 6340 D:\intership traning\bookmyseat\bookmyseat\settings.py changed, reloading.
INFO 2026-07-18 00:05:32,621 autoreload 9676 19148 Watching for file changes with StatReloader
INFO 2026-07-18 00:06:02,999 log 9676 10384 "POST /logout/ HTTP/1.1" 200 11192
INFO 2026-07-18 00:06:15,130 log 9676 10384 "GET / HTTP/1.1" 200 1358746
INFO 2026-07-18 00:06:24,479 log 9676 10384 "GET /admin/ HTTP/1.1" 302 0
INFO 2026-07-18 00:06:24,548 log 9676 10384 "GET /admin/login/?next=/admin/ HTTP/1.1" 200 4080
INFO 2026-07-18 00:06:24,572 log 9676 18160 "GET /static/admin/css/dark_mode.css HTTP/1.1" 304 0
INFO 2026-07-18 00:06:24,573 log 9676 10384 "GET /static/admin/css/base.css HTTP/1.1" 304 0
INFO 2026-07-18 00:06:24,575 log 9676 15664 "GET /static/admin/css/nav_sidebar.css HTTP/1.1" 304 0
INFO 2026-07-18 00:06:24,582 log 9676 19112 "GET /static/admin/css/login.css HTTP/1.1" 304 0
INFO 2026-07-18 00:06:24,584 log 9676 5748 "GET /static/admin/css/responsive.css HTTP/1.1" 304 0
INFO 2026-07-18 00:06:24,584 log 9676 20380 "GET /static/admin/js/theme.js HTTP/1.1" 304 0
INFO 2026-07-18 00:06:24,588 log 9676 20380 "GET /static/admin/js/nav_sidebar.js HTTP/1.1" 304 0
INFO 2026-07-18 00:06:31,571 log 9676 20380 "POST /admin/login/?next=/admin/ HTTP/1.1" 302 0
INFO 2026-07-18 00:06:34,436 log 9676 20380 "GET /admin/ HTTP/1.1" 200 13694
INFO 2026-07-18 00:06:34,482 log 9676 20380 "GET /static/admin/css/dashboard.css HTTP/1.1" 304 0
INFO 2026-07-18 00:06:34,482 log 9676 19112 "GET /static/admin/img/icon-changelink.svg HTTP/1.1" 304 0
INFO 2026-07-18 00:06:34,483 log 9676 5748 "GET /static/admin/img/icon-addlink.svg HTTP/1.1" 304 0
INFO 2026-07-18 00:06:43,983 log 9676 5748 "GET /admin/auth/user/ HTTP/1.1" 200 15076
INFO 2026-07-18 00:06:44,027 log 9676 15664 "GET /static/admin/js/jquery.init.js HTTP/1.1" 304 0
INFO 2026-07-18 00:06:44,028 log 9676 19112 "GET /static/admin/js/vendor/jquery/jquery.js HTTP/1.1" 304 0
INFO 2026-07-18 00:06:44,027 log 9676 10384 "GET /static/admin/js/core.js HTTP/1.1" 304 0
INFO 2026-07-18 00:06:44,027 log 9676 5748 "GET /static/admin/css/changelists.css HTTP/1.1" 304 0
INFO 2026-07-18 00:06:44,029 log 9676 18160 "GET /static/admin/js/admin/RelatedObjectLookups.js HTTP/1.1" 304 0
INFO 2026-07-18 00:06:44,033 log 9676 10384 "GET /static/admin/js/urlify.js HTTP/1.1" 304 0
INFO 2026-07-18 00:06:44,033 log 9676 19112 "GET /static/admin/js/actions.js HTTP/1.1" 304 0
INFO 2026-07-18 00:06:44,033 log 9676 15664 "GET /static/admin/js/vendor/xregexp/xregexp.js HTTP/1.1" 304 0
INFO 2026-07-18 00:06:44,034 log 9676 5748 "GET /static/admin/js/prepopulate.js HTTP/1.1" 304 0
INFO 2026-07-18 00:06:44,039 log 9676 19112 "GET /static/admin/img/icon-yes.svg HTTP/1.1" 304 0
INFO 2026-07-18 00:06:44,046 log 9676 19112 "GET /static/admin/img/icon-no.svg HTTP/1.1" 304 0
INFO 2026-07-18 00:06:44,179 log 9676 5748 "GET /static/admin/img/search.svg HTTP/1.1" 200 607
INFO 2026-07-18 00:06:44,184 log 9676 5748 "GET /static/admin/js/filters.js HTTP/1.1" 304 0
INFO 2026-07-18 00:06:46,511 log 9676 20380 "GET /admin/jsi18n/ HTTP/1.1" 200 3342
INFO 2026-07-18 00:06:46,530 log 9676 20380 "GET /static/admin/img/tooltag-add.svg HTTP/1.1" 304 0
INFO 2026-07-18 00:06:46,530 log 9676 5748 "GET /static/admin/img/icon-viewlink.svg HTTP/1.1" 304 0
INFO 2026-07-18 00:06:46,552 log 9676 5748 "GET /static/admin/img/sorting-icons.svg HTTP/1.1" 200 1761
INFO 2026-07-18 00:06:55,610 log 9676 5748 "GET /admin/auth/user/1/change/ HTTP/1.1" 200 26842
INFO 2026-07-18 00:06:55,653 log 9676 18160 "GET /static/admin/js/admin/DateTimeShortcuts.js HTTP/1.1" 304 0
INFO 2026-07-18 00:06:55,654 log 9676 5748 "GET /static/admin/css/forms.css HTTP/1.1" 304 0
INFO 2026-07-18 00:06:55,654 log 9676 15664 "GET /static/admin/js/calendar.js HTTP/1.1" 304 0
INFO 2026-07-18 00:06:55,656 log 9676 19112 "GET /static/admin/js/SelectBox.js HTTP/1.1" 200 4530
INFO 2026-07-18 00:06:55,657 log 9676 10384 "GET /static/admin/js/SelectFilter2.js HTTP/1.1" 200 16428
INFO 2026-07-18 00:06:55,661 log 9676 19112 "GET /static/admin/js/prepopulate_init.js HTTP/1.1" 304 0
INFO 2026-07-18 00:06:55,662 log 9676 10384 "GET /static/admin/css/widgets.css HTTP/1.1" 304 0
INFO 2026-07-18 00:06:55,665 log 9676 10384 "GET /static/admin/js/change_form.js HTTP/1.1" 304 0
INFO 2026-07-18 00:06:58,037 log 9676 20380 "GET /admin/jsi18n/ HTTP/1.1" 200 3342
INFO 2026-07-18 00:06:58,113 log 9676 19112 "GET /static/admin/img/icon-clock.svg HTTP/1.1" 304 0
INFO 2026-07-18 00:06:58,114 log 9676 10384 "GET /static/admin/img/icon-calendar.svg HTTP/1.1" 304 0
INFO 2026-07-18 00:06:58,115 log 9676 20380 "GET /static/admin/img/selector-icons.svg HTTP/1.1" 200 2387
INFO 2026-07-18 00:07:21,094 basehttp 9676 20380 - Broken pipe from ('127.0.0.1', 59158)
INFO 2026-07-18 00:07:22,913 log 9676 10384 "GET /admin/movies/booking/ HTTP/1.1" 200 13895
INFO 2026-07-18 00:07:26,410 log 9676 10384 "GET /admin/jsi18n/ HTTP/1.1" 200 3342
INFO 2026-07-18 00:08:01,343 log 9676 10384 "GET /admin/movies/booking/2/change/ HTTP/1.1" 200 278906
INFO 2026-07-18 00:08:03,854 log 9676 10384 "GET /admin/jsi18n/ HTTP/1.1" 200 3342
INFO 2026-07-18 00:08:14,693 log 9676 10384 "GET /admin/movies/booking/2/delete/ HTTP/1.1" 200 10344
INFO 2026-07-18 00:08:14,730 log 9676 10384 "GET /static/admin/js/cancel.js HTTP/1.1" 200 884
INFO 2026-07-18 00:08:22,548 log 9676 10384 "POST /admin/movies/booking/2/delete/ HTTP/1.1" 302 0
INFO 2026-07-18 00:08:25,920 log 9676 10384 "GET /admin/movies/booking/ HTTP/1.1" 200 13511
INFO 2026-07-18 00:08:28,407 log 9676 10384 "GET /admin/jsi18n/ HTTP/1.1" 200 3342
INFO 2026-07-18 00:08:28,423 log 9676 10384 "GET /static/admin/img/icon-yes-dark.svg HTTP/1.1" 304 0
INFO 2026-07-18 00:08:49,745 log 9676 10384 "GET /admin/movies/booking/3/change/ HTTP/1.1" 200 278906
INFO 2026-07-18 00:08:52,217 log 9676 10384 "GET /admin/jsi18n/ HTTP/1.1" 200 3342
INFO 2026-07-18 00:08:58,735 log 9676 10384 "GET /admin/movies/booking/3/delete/ HTTP/1.1" 200 10344
INFO 2026-07-18 00:09:05,963 log 9676 10384 "POST /admin/movies/booking/3/delete/ HTTP/1.1" 302 0
INFO 2026-07-18 00:09:09,288 log 9676 10384 "GET /admin/movies/booking/ HTTP/1.1" 200 12930
INFO 2026-07-18 00:09:11,760 log 9676 10384 "GET /admin/jsi18n/ HTTP/1.1" 200 3342
INFO 2026-07-18 00:09:31,696 log 9676 10384 "GET /admin/movies/booking/1/change/ HTTP/1.1" 200 278906
INFO 2026-07-18 00:09:34,135 log 9676 10384 "GET /admin/jsi18n/ HTTP/1.1" 200 3342
INFO 2026-07-18 00:09:41,215 log 9676 10384 "GET /admin/movies/booking/1/delete/ HTTP/1.1" 200 10344
INFO 2026-07-18 00:09:49,562 log 9676 10384 "POST /admin/movies/booking/1/delete/ HTTP/1.1" 302 0
INFO 2026-07-18 00:09:53,064 log 9676 10384 "GET /admin/movies/booking/ HTTP/1.1" 200 10738
INFO 2026-07-18 00:09:55,449 log 9676 10384 "GET /admin/jsi18n/ HTTP/1.1" 200 3342
INFO 2026-07-18 00:10:03,602 log 9676 10384 "POST /admin/logout/ HTTP/1.1" 200 3475
INFO 2026-07-18 00:10:09,595 log 9676 10384 "GET /admin/ HTTP/1.1" 302 0
INFO 2026-07-18 00:10:09,611 log 9676 10384 "GET /admin/login/?next=/admin/ HTTP/1.1" 200 4080
INFO 2026-07-18 00:10:21,939 log 9676 10384 "GET / HTTP/1.1" 200 1358746
INFO 2026-07-18 00:10:24,446 log 9676 10384 "GET /login/ HTTP/1.1" 200 14824
INFO 2026-07-18 00:10:46,031 log 9676 10384 "POST /login/ HTTP/1.1" 302 0
INFO 2026-07-18 00:10:51,839 log 9676 10384 "GET / HTTP/1.1" 200 1359139
INFO 2026-07-18 00:10:59,000 log 9676 10384 "GET /profile/ HTTP/1.1" 200 16214
INFO 2026-07-18 00:11:10,686 log 9676 10384 "GET / HTTP/1.1" 200 1359139
INFO 2026-07-18 00:11:15,908 log 9676 10384 "GET /movies/8/theaters HTTP/1.1" 200 15189
INFO 2026-07-18 00:11:21,763 log 9676 10384 "GET /movies/theater/1/seats/book/ HTTP/1.1" 200 17435
ERROR 2026-07-18 00:12:38,448 views 9676 18572 Failed to queue booking confirmation email for booking IDs [4]. Error: Error 10061 connecting to 127.0.0.1:6379. No connection could be made because the target machine actively refused it.
INFO 2026-07-18 00:12:38,450 log 9676 18572 "POST /movies/theater/1/seats/book/ HTTP/1.1" 302 0
INFO 2026-07-18 00:12:42,429 log 9676 18572 "GET /profile/ HTTP/1.1" 200 16838
INFO 2026-07-18 00:16:09,977 autoreload 9676 19148 D:\intership traning\bookmyseat\movies\views.py changed, reloading.
INFO 2026-07-18 00:16:11,186 autoreload 4284 15896 Watching for file changes with StatReloader
INFO 2026-07-18 00:17:22,438 autoreload 3308 8980 Watching for file changes with StatReloader
INFO 2026-07-18 00:17:48,299 log 3308 19208 "GET / HTTP/1.1" 200 1359139
INFO 2026-07-18 00:17:56,453 log 3308 19208 "GET /movies/9/theaters HTTP/1.1" 200 15185
INFO 2026-07-18 00:18:02,270 log 3308 19208 "GET /movies/theater/2/seats/book/ HTTP/1.1" 200 18802
WARNING 2026-07-18 00:19:14,363 views 3308 19208 Celery/Redis broker is unavailable (Error: Error 10061 connecting to 127.0.0.1:6379. No connection could be made because the target machine actively refused it.). Falling back to synchronous email dispatch for Booking IDs [5].
INFO 2026-07-18 00:19:14,363 tasks 3308 19208 Attempting to send booking confirmation email. Booking ID(s): [5], Recipient: freelancingmpi@gmail.com, Payment ID: PAYID-A5BDCC084776, Timestamp: 2026-07-18 00:19:14
WARNING 2026-07-18 00:19:17,653 tasks 3308 19208 Failed to send booking confirmation email. Retry attempt 1/3. Booking ID(s): [5], Recipient: freelancingmpi@gmail.com, Reason: (535, b'5.7.8 Username and Password not accepted. For more information, go to\n5.7.8  https://support.google.com/mail/?p=BadCredentials a92af1059eb24-13ce2de31a7sm8068237c88.15 - gsmtp'), Timestamp: 2026-07-18 00:19:17
ERROR 2026-07-18 00:19:17,654 views 3308 19208 Failed synchronous fallback email dispatch for Booking IDs [5]. Error: (535, b'5.7.8 Username and Password not accepted. For more information, go to\n5.7.8  https://support.google.com/mail/?p=BadCredentials a92af1059eb24-13ce2de31a7sm8068237c88.15 - gsmtp')
INFO 2026-07-18 00:19:17,655 log 3308 19208 "POST /movies/theater/2/seats/book/ HTTP/1.1" 302 0
INFO 2026-07-18 00:19:22,751 log 3308 19208 "GET /profile/ HTTP/1.1" 200 17627
INFO 2026-07-18 00:20:09,361 log 3308 19208 "GET /password-reset/ HTTP/1.1" 200 14826
ERROR 2026-07-18 00:20:21,201 forms 3308 19208 Failed to send password reset email to 1
Traceback (most recent call last):
  File "D:\Python\Lib\site-packages\django\contrib\auth\forms.py", line 417, in send_mail
    email_message.send()
    ~~~~~~~~~~~~~~~~~~^^
  File "D:\Python\Lib\site-packages\django\core\mail\message.py", line 358, in send
    return self.get_connection(fail_silently).send_messages([self])
           ~~~~~~~~~~~~~~~~~~~~~~~~~~~~~~~~~~~~~~~~~~~~~~~~^^^^^^^^
  File "D:\Python\Lib\site-packages\django\core\mail\backends\smtp.py", line 148, in send_messages
    new_conn_created = self.open()
  File "D:\Python\Lib\site-packages\django\core\mail\backends\smtp.py", line 103, in open
    self._partial_connection.login(self.username, self.password)
    ~~~~~~~~~~~~~~~~~~~~~~~~~~~~~~^^^^^^^^^^^^^^^^^^^^^^^^^^^^^^
  File "D:\Python\Lib\smtplib.py", line 762, in login
    raise last_exception
  File "D:\Python\Lib\smtplib.py", line 751, in login
    (code, resp) = self.auth(
                   ~~~~~~~~~^
        authmethod, getattr(self, method_name),
        ^^^^^^^^^^^^^^^^^^^^^^^^^^^^^^^^^^^^^^^
        initial_response_ok=initial_response_ok)
        ^^^^^^^^^^^^^^^^^^^^^^^^^^^^^^^^^^^^^^^^
  File "D:\Python\Lib\smtplib.py", line 669, in auth
    raise SMTPAuthenticationError(code, resp)
smtplib.SMTPAuthenticationError: (535, b'5.7.8 Username and Password not accepted. For more information, go to\n5.7.8  https://support.google.com/mail/?p=BadCredentials 5a478bee46e88-3142a1bb770sm10577488eec.16 - gsmtp')
INFO 2026-07-18 00:20:21,216 log 3308 19208 "POST /password-reset/ HTTP/1.1" 302 0
INFO 2026-07-18 00:20:23,867 log 3308 19208 "GET /password-reset/done/ HTTP/1.1" 200 11774
INFO 2026-07-18 00:20:49,299 log 3308 19208 "GET / HTTP/1.1" 200 1359139
INFO 2026-07-18 00:20:58,022 log 3308 19208 "GET /movies/10/theaters HTTP/1.1" 200 15185
INFO 2026-07-18 00:21:03,879 log 3308 19208 "GET /movies/theater/3/seats/book/ HTTP/1.1" 200 15453
INFO 2026-07-18 00:21:14,991 log 3308 19208 "GET / HTTP/1.1" 200 1359139
INFO 2026-07-18 00:21:22,105 log 3308 19208 "GET /movies/9/theaters HTTP/1.1" 200 15185
INFO 2026-07-18 00:21:28,465 log 3308 19208 "GET /movies/theater/2/seats/book/ HTTP/1.1" 200 18347
WARNING 2026-07-18 00:22:39,657 views 3308 19208 Celery/Redis broker is unavailable (Error: Error 10061 connecting to 127.0.0.1:6379. No connection could be made because the target machine actively refused it.). Falling back to synchronous email dispatch for Booking IDs [6].
INFO 2026-07-18 00:22:39,658 tasks 3308 19208 Attempting to send booking confirmation email. Booking ID(s): [6], Recipient: freelancingmpi@gmail.com, Payment ID: PAYID-1D7B946D5CFB, Timestamp: 2026-07-18 00:22:39
WARNING 2026-07-18 00:22:42,783 tasks 3308 19208 Failed to send booking confirmation email. Retry attempt 1/3. Booking ID(s): [6], Recipient: freelancingmpi@gmail.com, Reason: (535, b'5.7.8 Username and Password not accepted. For more information, go to\n5.7.8  https://support.google.com/mail/?p=BadCredentials 5a478bee46e88-31429f9bcd9sm10081571eec.3 - gsmtp'), Timestamp: 2026-07-18 00:22:42
ERROR 2026-07-18 00:22:42,784 views 3308 19208 Failed synchronous fallback email dispatch for Booking IDs [6]. Error: (535, b'5.7.8 Username and Password not accepted. For more information, go to\n5.7.8  https://support.google.com/mail/?p=BadCredentials 5a478bee46e88-31429f9bcd9sm10081571eec.3 - gsmtp')
INFO 2026-07-18 00:22:42,786 log 3308 19208 "POST /movies/theater/2/seats/book/ HTTP/1.1" 302 0
INFO 2026-07-18 00:22:48,514 log 3308 19208 "GET /profile/ HTTP/1.1" 200 18416
INFO 2026-07-18 00:25:26,075 autoreload 19088 18148 Watching for file changes with StatReloader
INFO 2026-07-22 02:03:04,760 autoreload 8252 16204 Watching for file changes with StatReloader
INFO 2026-07-22 02:03:18,724 log 8252 13520 "GET / HTTP/1.1" 200 1358746
INFO 2026-07-22 02:03:20,828 log 8252 13520 "GET /media/movies/gol_maal__1979_.jpg HTTP/1.1" 304 0
INFO 2026-07-22 02:03:20,833 log 8252 13520 "GET /media/movies/arth__1982_.jpg HTTP/1.1" 304 0
INFO 2026-07-22 02:03:20,849 log 8252 13520 "GET /media/movies/masoom__1983_.jpg HTTP/1.1" 304 0
INFO 2026-07-22 02:03:20,854 log 8252 18840 "GET /media/movies/saaransh__1984_.jpg HTTP/1.1" 304 0
INFO 2026-07-22 02:04:01,643 log 8252 18840 "GET / HTTP/1.1" 200 1358746
INFO 2026-07-22 02:04:07,536 log 8252 18840 "GET /login/ HTTP/1.1" 200 14824
INFO 2026-07-22 02:04:22,533 log 8252 18840 "GET /login/ HTTP/1.1" 200 14824
INFO 2026-07-22 02:05:01,872 log 8252 18840 "POST /login/ HTTP/1.1" 302 0
INFO 2026-07-22 02:05:06,942 log 8252 18840 "GET / HTTP/1.1" 200 1359139
INFO 2026-07-22 02:05:35,867 log 8252 18840 "POST /logout/ HTTP/1.1" 200 11192
INFO 2026-07-22 02:05:38,523 log 8252 18840 "GET /login/ HTTP/1.1" 200 14824
INFO 2026-07-30 09:17:57,577 autoreload 10664 13880 Watching for file changes with StatReloader
INFO 2026-08-03 01:07:48,425 autoreload 15536 6108 Watching for file changes with StatReloader
INFO 2026-08-03 01:17:12,984 autoreload 17440 14684 Watching for file changes with StatReloader
INFO 2026-08-03 01:18:40,254 autoreload 9236 16924 Watching for file changes with StatReloader
INFO 2026-08-03 01:19:19,741 log 9236 8420 "GET / HTTP/1.1" 200 1358746
INFO 2026-08-03 01:19:23,333 log 9236 8420 "GET /media/movies/gol_maal__1979_.jpg HTTP/1.1" 200 149675
INFO 2026-08-03 01:19:23,443 log 9236 9800 "GET /media/movies/saaransh__1984_.jpg HTTP/1.1" 200 98388
INFO 2026-08-03 01:19:23,449 log 9236 14180 "GET /media/movies/arth__1982_.jpg HTTP/1.1" 200 156564
INFO 2026-08-03 01:19:23,454 log 9236 19096 "GET /media/movies/masoom__1983_.jpg HTTP/1.1" 200 33946
INFO 2026-08-03 01:19:43,172 log 9236 16488 "GET / HTTP/1.1" 200 1358746
INFO 2026-08-03 01:19:44,045 log 9236 16488 "GET /media/movies/gol_maal__1979_.jpg HTTP/1.1" 200 149675
INFO 2026-08-03 01:19:44,045 log 9236 1968 "GET /media/movies/arth__1982_.jpg HTTP/1.1" 200 156564
INFO 2026-08-03 01:19:44,373 log 9236 1968 "GET /media/movies/masoom__1983_.jpg HTTP/1.1" 200 33946
INFO 2026-08-03 01:19:44,374 log 9236 16488 "GET /media/movies/saaransh__1984_.jpg HTTP/1.1" 200 98388
INFO 2026-08-03 01:19:48,348 log 9236 16488 "GET /login/ HTTP/1.1" 200 14824
WARNING 2026-08-03 01:19:48,936 log 9236 16488 Not Found: /favicon.ico
WARNING 2026-08-03 01:19:48,940 log 9236 16488 "GET /favicon.ico HTTP/1.1" 404 5378
INFO 2026-08-03 01:19:58,687 basehttp 9236 16488 - Broken pipe from ('127.0.0.1', 54041)
INFO 2026-08-03 01:20:05,901 log 9236 1968 "POST /login/ HTTP/1.1" 302 0
INFO 2026-08-03 01:20:16,090 log 9236 1968 "GET / HTTP/1.1" 200 1359139
INFO 2026-08-03 01:20:28,626 log 9236 1968 "GET /profile/ HTTP/1.1" 200 16218
INFO 2026-08-03 01:20:33,925 log 9236 1968 "GET /movies HTTP/1.1" 301 0
INFO 2026-08-03 01:21:04,832 log 9236 1968 "GET /movies/ HTTP/1.1" 200 141386
INFO 2026-08-03 01:21:04,860 log 9236 17440 "GET /media/movies/wild_storm_231.png HTTP/1.1" 200 11461
INFO 2026-08-03 01:21:04,866 log 9236 1968 "GET /media/movies/eternal_glory_139.png HTTP/1.1" 200 12210
INFO 2026-08-03 01:21:04,898 log 9236 14684 "GET /media/movies/midnight_empire_463.png HTTP/1.1" 200 12137
INFO 2026-08-03 01:21:04,898 log 9236 17440 "GET /media/movies/broken_empire_670.png HTTP/1.1" 200 11694
INFO 2026-08-03 01:21:04,905 log 9236 7108 "GET /media/movies/broken_alliance_584.png HTTP/1.1" 200 12470
INFO 2026-08-03 01:21:04,912 log 9236 3316 "GET /media/movies/primal_labyrinth_612.png HTTP/1.1" 200 11757
INFO 2026-08-03 01:21:04,919 log 9236 2852 "GET /media/movies/eternal_kingdom_597.png HTTP/1.1" 200 12714
INFO 2026-08-03 01:21:04,914 log 9236 1968 "GET /media/movies/wild_journey_708.png HTTP/1.1" 200 12656
INFO 2026-08-03 01:21:04,925 log 9236 17440 "GET /media/movies/midnight_frontier_784.png HTTP/1.1" 200 12243
INFO 2026-08-03 01:21:04,926 log 9236 7108 "GET /media/movies/fierce_shadow_817.png HTTP/1.1" 200 12507
INFO 2026-08-03 01:21:04,937 log 9236 14684 "GET /media/movies/dark_empire_716.png HTTP/1.1" 200 11313
INFO 2026-08-03 01:21:04,939 log 9236 3316 "GET /media/movies/maine_pyar_kiya__1989_.jpg HTTP/1.1" 200 28974
INFO 2026-08-03 01:21:04,943 log 9236 2852 "GET /media/movies/andaz_apna_apna__1994_.jpg HTTP/1.1" 200 126156
INFO 2026-08-03 01:21:04,944 log 9236 1968 "GET /media/movies/hum_aapke_hain_koun_____1994_.jpg HTTP/1.1" 200 104889
INFO 2026-08-03 01:21:04,946 log 9236 17440 "GET /media/movies/qayamat_se_qayamat_tak__1988_.jpg HTTP/1.1" 200 107733
INFO 2026-08-03 01:21:25,336 log 9236 17440 "GET /admin/ HTTP/1.1" 200 13609
INFO 2026-08-03 01:21:25,383 log 9236 7108 "GET /static/admin/css/responsive.css HTTP/1.1" 200 16273
INFO 2026-08-03 01:21:25,384 log 9236 3316 "GET /static/admin/css/nav_sidebar.css HTTP/1.1" 200 2810
INFO 2026-08-03 01:21:25,386 log 9236 2852 "GET /static/admin/css/dark_mode.css HTTP/1.1" 200 3538
INFO 2026-08-03 01:21:25,387 log 9236 14684 "GET /static/admin/css/dashboard.css HTTP/1.1" 200 441
INFO 2026-08-03 01:21:25,388 log 9236 1968 "GET /static/admin/js/theme.js HTTP/1.1" 200 1653
INFO 2026-08-03 01:21:25,390 log 9236 17440 "GET /static/admin/css/base.css HTTP/1.1" 200 23100
INFO 2026-08-03 01:21:25,407 log 9236 17440 "GET /static/admin/js/nav_sidebar.js HTTP/1.1" 200 3063
INFO 2026-08-03 01:21:25,426 log 9236 17440 "GET /static/admin/img/icon-addlink.svg HTTP/1.1" 200 593
INFO 2026-08-03 01:21:25,427 log 9236 2852 "GET /static/admin/img/icon-changelink.svg HTTP/1.1" 200 978
INFO 2026-08-03 01:21:39,575 log 9236 2852 "GET /admin/movies/movie/ HTTP/1.1" 200 63400
INFO 2026-08-03 01:21:39,619 log 9236 1968 "GET /static/admin/js/jquery.init.js HTTP/1.1" 200 347
INFO 2026-08-03 01:21:39,623 log 9236 3316 "GET /static/admin/js/admin/RelatedObjectLookups.js HTTP/1.1" 200 9777
INFO 2026-08-03 01:21:39,623 log 9236 7108 "GET /static/admin/js/core.js HTTP/1.1" 200 6208
INFO 2026-08-03 01:21:39,624 log 9236 2852 "GET /static/admin/css/changelists.css HTTP/1.1" 200 7498
INFO 2026-08-03 01:21:39,637 log 9236 1968 "GET /static/admin/js/actions.js HTTP/1.1" 200 8077
INFO 2026-08-03 01:21:39,648 log 9236 3316 "GET /static/admin/js/urlify.js HTTP/1.1" 200 7887
INFO 2026-08-03 01:21:39,653 log 9236 7108 "GET /static/admin/js/prepopulate.js HTTP/1.1" 200 1531
INFO 2026-08-03 01:21:39,658 log 9236 14684 "GET /static/admin/js/vendor/jquery/jquery.js HTTP/1.1" 200 285314
INFO 2026-08-03 01:21:39,663 log 9236 2852 "GET /static/admin/js/vendor/xregexp/xregexp.js HTTP/1.1" 200 325171
INFO 2026-08-03 01:21:39,680 log 9236 2852 "GET /static/admin/js/filters.js HTTP/1.1" 200 978
INFO 2026-08-03 01:21:44,317 log 9236 17440 "GET /admin/jsi18n/ HTTP/1.1" 200 3342
INFO 2026-08-03 01:21:44,411 log 9236 17440 "GET /static/admin/img/tooltag-add.svg HTTP/1.1" 200 593
INFO 2026-08-03 01:22:00,413 log 9236 17440 "GET /admin/movies/movie/5017/change/ HTTP/1.1" 200 17861
INFO 2026-08-03 01:22:00,438 log 9236 2852 "GET /static/admin/js/SelectBox.js HTTP/1.1" 200 4530
INFO 2026-08-03 01:22:00,440 log 9236 17440 "GET /static/admin/css/forms.css HTTP/1.1" 200 8831
INFO 2026-08-03 01:22:00,440 log 9236 7108 "GET /static/admin/js/SelectFilter2.js HTTP/1.1" 200 16428
INFO 2026-08-03 01:22:00,463 log 9236 17440 "GET /static/admin/js/prepopulate_init.js HTTP/1.1" 200 586
INFO 2026-08-03 01:22:00,467 log 9236 7108 "GET /static/admin/css/widgets.css HTTP/1.1" 200 11811
INFO 2026-08-03 01:22:00,478 log 9236 7108 "GET /static/admin/js/change_form.js HTTP/1.1" 200 606
INFO 2026-08-03 01:22:04,519 log 9236 14684 "GET /admin/jsi18n/ HTTP/1.1" 200 3342
INFO 2026-08-03 01:22:04,624 log 9236 7108 "GET /static/admin/img/selector-icons.svg HTTP/1.1" 200 2387
INFO 2026-08-03 01:22:04,624 log 9236 14684 "GET /static/admin/img/search.svg HTTP/1.1" 200 607
INFO 2026-08-03 01:24:32,377 log 9236 14684 "POST /admin/movies/movie/5017/change/ HTTP/1.1" 302 0
INFO 2026-08-03 01:24:41,070 log 9236 14684 "GET /admin/movies/movie/ HTTP/1.1" 200 63612
INFO 2026-08-03 01:24:41,122 log 9236 14684 "GET /static/admin/css/base.css HTTP/1.1" 304 0
INFO 2026-08-03 01:24:41,125 log 9236 3316 "GET /static/admin/css/changelists.css HTTP/1.1" 304 0
INFO 2026-08-03 01:24:41,133 log 9236 7108 "GET /static/admin/css/dark_mode.css HTTP/1.1" 304 0
INFO 2026-08-03 01:24:41,136 log 9236 17440 "GET /static/admin/js/theme.js HTTP/1.1" 304 0
INFO 2026-08-03 01:24:41,139 log 9236 14684 "GET /static/admin/css/responsive.css HTTP/1.1" 304 0
INFO 2026-08-03 01:24:41,140 log 9236 2852 "GET /static/admin/css/nav_sidebar.css HTTP/1.1" 304 0
INFO 2026-08-03 01:24:41,147 log 9236 3316 "GET /static/admin/js/vendor/jquery/jquery.js HTTP/1.1" 304 0
INFO 2026-08-03 01:24:41,156 log 9236 7108 "GET /static/admin/js/jquery.init.js HTTP/1.1" 304 0
INFO 2026-08-03 01:24:41,165 log 9236 17440 "GET /static/admin/js/core.js HTTP/1.1" 304 0
INFO 2026-08-03 01:24:41,167 log 9236 14684 "GET /static/admin/js/actions.js HTTP/1.1" 304 0
INFO 2026-08-03 01:24:41,168 log 9236 2852 "GET /static/admin/js/admin/RelatedObjectLookups.js HTTP/1.1" 304 0
INFO 2026-08-03 01:24:41,169 log 9236 7108 "GET /static/admin/js/prepopulate.js HTTP/1.1" 304 0
INFO 2026-08-03 01:24:41,170 log 9236 3316 "GET /static/admin/js/urlify.js HTTP/1.1" 304 0
INFO 2026-08-03 01:24:41,173 log 9236 17440 "GET /static/admin/js/vendor/xregexp/xregexp.js HTTP/1.1" 304 0
INFO 2026-08-03 01:24:41,180 log 9236 17440 "GET /static/admin/js/nav_sidebar.js HTTP/1.1" 304 0
INFO 2026-08-03 01:24:41,185 log 9236 17440 "GET /static/admin/js/filters.js HTTP/1.1" 304 0
INFO 2026-08-03 01:24:45,324 log 9236 1968 "GET /admin/jsi18n/ HTTP/1.1" 200 3342
INFO 2026-08-03 01:24:45,352 log 9236 1968 "GET /static/admin/img/icon-yes-dark.svg HTTP/1.1" 200 558
INFO 2026-08-03 01:24:59,661 log 9236 1968 "GET /admin/movies/movie/5017/change/ HTTP/1.1" 200 17869
INFO 2026-08-03 01:24:59,702 log 9236 2852 "GET /static/admin/js/prepopulate_init.js HTTP/1.1" 304 0
INFO 2026-08-03 01:24:59,709 log 9236 3316 "GET /static/admin/js/SelectBox.js HTTP/1.1" 304 0
INFO 2026-08-03 01:24:59,710 log 9236 1968 "GET /static/admin/css/forms.css HTTP/1.1" 304 0
INFO 2026-08-03 01:24:59,707 log 9236 7108 "GET /static/admin/js/SelectFilter2.js HTTP/1.1" 304 0
INFO 2026-08-03 01:24:59,736 log 9236 3316 "GET /static/admin/css/widgets.css HTTP/1.1" 304 0
INFO 2026-08-03 01:24:59,736 log 9236 1968 "GET /static/admin/img/icon-addlink.svg HTTP/1.1" 304 0
INFO 2026-08-03 01:24:59,746 log 9236 1968 "GET /static/admin/js/change_form.js HTTP/1.1" 304 0
INFO 2026-08-03 01:25:04,615 log 9236 17440 "GET /admin/jsi18n/ HTTP/1.1" 200 3342
INFO 2026-08-03 01:25:04,668 log 9236 1968 "GET /static/admin/img/selector-icons.svg HTTP/1.1" 304 0
INFO 2026-08-03 01:25:04,669 log 9236 17440 "GET /static/admin/img/search.svg HTTP/1.1" 304 0
INFO 2026-08-03 01:25:16,007 log 9236 17440 "GET /admin/movies/movie/ HTTP/1.1" 200 63400
INFO 2026-08-03 01:25:30,475 log 9236 17440 "GET /admin/movies/movie/5016/change/ HTTP/1.1" 200 17875
INFO 2026-08-03 01:25:34,934 log 9236 17440 "GET /admin/jsi18n/ HTTP/1.1" 200 3342
INFO 2026-08-03 01:26:56,600 log 9236 17440 "POST /admin/movies/movie/5016/change/ HTTP/1.1" 302 0
INFO 2026-08-03 01:27:04,312 log 9236 17440 "GET /admin/movies/movie/ HTTP/1.1" 200 63616
INFO 2026-08-03 01:27:11,265 log 9236 17440 "GET /admin/jsi18n/ HTTP/1.1" 200 3342
INFO 2026-08-03 01:27:25,378 log 9236 17440 "GET /admin/movies/movie/5015/change/ HTTP/1.1" 200 17859
INFO 2026-08-03 01:27:25,401 log 9236 1968 "GET /static/admin/css/dark_mode.css HTTP/1.1" 304 0
INFO 2026-08-03 01:27:25,402 log 9236 17440 "GET /static/admin/css/base.css HTTP/1.1" 304 0
INFO 2026-08-03 01:27:25,404 log 9236 3316 "GET /static/admin/js/theme.js HTTP/1.1" 304 0
INFO 2026-08-03 01:27:25,418 log 9236 3316 "GET /static/admin/css/nav_sidebar.css HTTP/1.1" 304 0
INFO 2026-08-03 01:27:25,431 log 9236 17440 "GET /static/admin/css/responsive.css HTTP/1.1" 304 0
INFO 2026-08-03 01:27:25,437 log 9236 17440 "GET /static/admin/js/vendor/jquery/jquery.js HTTP/1.1" 304 0
INFO 2026-08-03 01:27:25,437 log 9236 3316 "GET /static/admin/js/jquery.init.js HTTP/1.1" 304 0
INFO 2026-08-03 01:27:25,449 log 9236 3316 "GET /static/admin/js/core.js HTTP/1.1" 304 0
INFO 2026-08-03 01:27:25,450 log 9236 17440 "GET /static/admin/js/admin/RelatedObjectLookups.js HTTP/1.1" 304 0
INFO 2026-08-03 01:27:25,457 log 9236 17440 "GET /static/admin/js/actions.js HTTP/1.1" 304 0
INFO 2026-08-03 01:27:25,459 log 9236 3316 "GET /static/admin/js/urlify.js HTTP/1.1" 304 0
INFO 2026-08-03 01:27:25,470 log 9236 3316 "GET /static/admin/js/prepopulate.js HTTP/1.1" 304 0
INFO 2026-08-03 01:27:25,470 log 9236 17440 "GET /static/admin/js/vendor/xregexp/xregexp.js HTTP/1.1" 304 0
INFO 2026-08-03 01:27:25,475 log 9236 17440 "GET /static/admin/js/nav_sidebar.js HTTP/1.1" 304 0
INFO 2026-08-03 01:27:30,106 log 9236 1968 "GET /admin/jsi18n/ HTTP/1.1" 200 3342
INFO 2026-08-03 01:28:27,069 log 9236 1968 "POST /admin/movies/movie/5015/change/ HTTP/1.1" 302 0
INFO 2026-08-03 01:28:34,106 log 9236 1968 "GET /admin/movies/movie/ HTTP/1.1" 200 63610
INFO 2026-08-03 01:28:34,134 log 9236 1968 "GET /static/admin/css/changelists.css HTTP/1.1" 304 0
INFO 2026-08-03 01:28:34,147 log 9236 1968 "GET /static/admin/js/filters.js HTTP/1.1" 304 0
INFO 2026-08-03 01:28:39,229 log 9236 17440 "GET /admin/jsi18n/ HTTP/1.1" 200 3342
INFO 2026-08-03 01:28:39,253 log 9236 17440 "GET /static/admin/img/icon-yes-dark.svg HTTP/1.1" 304 0
INFO 2026-08-03 01:28:53,985 log 9236 17440 "GET /admin/movies/movie/5014/change/ HTTP/1.1" 200 17845
INFO 2026-08-03 01:28:54,012 log 9236 3316 "GET /static/admin/js/SelectBox.js HTTP/1.1" 304 0
INFO 2026-08-03 01:28:54,013 log 9236 7108 "GET /static/admin/js/SelectFilter2.js HTTP/1.1" 304 0
INFO 2026-08-03 01:28:54,013 log 9236 17440 "GET /static/admin/css/forms.css HTTP/1.1" 304 0
INFO 2026-08-03 01:28:54,035 log 9236 17440 "GET /static/admin/js/prepopulate_init.js HTTP/1.1" 304 0
INFO 2026-08-03 01:28:54,036 log 9236 7108 "GET /static/admin/css/widgets.css HTTP/1.1" 304 0
INFO 2026-08-03 01:28:54,046 log 9236 7108 "GET /static/admin/img/icon-addlink.svg HTTP/1.1" 304 0
INFO 2026-08-03 01:28:54,053 log 9236 7108 "GET /static/admin/js/change_form.js HTTP/1.1" 304 0
INFO 2026-08-03 01:28:58,395 log 9236 1968 "GET /admin/jsi18n/ HTTP/1.1" 200 3342
INFO 2026-08-03 01:28:58,463 log 9236 1968 "GET /static/admin/img/search.svg HTTP/1.1" 304 0
INFO 2026-08-03 01:28:58,464 log 9236 7108 "GET /static/admin/img/selector-icons.svg HTTP/1.1" 304 0
INFO 2026-08-03 01:30:13,832 basehttp 9236 7108 - Broken pipe from ('127.0.0.1', 54213)
INFO 2026-08-03 01:30:15,840 log 9236 1968 "POST /admin/movies/movie/5014/change/ HTTP/1.1" 302 0
INFO 2026-08-03 01:30:24,144 log 9236 1968 "GET /admin/movies/movie/ HTTP/1.1" 200 63615
INFO 2026-08-03 01:30:24,175 log 9236 17440 "GET /static/admin/css/dark_mode.css HTTP/1.1" 304 0
INFO 2026-08-03 01:30:24,183 log 9236 1968 "GET /static/admin/css/base.css HTTP/1.1" 304 0
INFO 2026-08-03 01:30:24,193 log 9236 17440 "GET /static/admin/js/vendor/jquery/jquery.js HTTP/1.1" 304 0
INFO 2026-08-03 01:30:24,193 log 9236 3316 "GET /static/admin/js/theme.js HTTP/1.1" 304 0
INFO 2026-08-03 01:30:24,201 log 9236 13352 "GET /static/admin/css/nav_sidebar.css HTTP/1.1" 304 0
INFO 2026-08-03 01:30:24,208 log 9236 3316 "GET /static/admin/js/admin/RelatedObjectLookups.js HTTP/1.1" 304 0
INFO 2026-08-03 01:30:24,208 log 9236 17440 "GET /static/admin/js/actions.js HTTP/1.1" 304 0
INFO 2026-08-03 01:30:24,208 log 9236 1968 "GET /static/admin/js/core.js HTTP/1.1" 304 0
INFO 2026-08-03 01:30:24,214 log 9236 14244 "GET /static/admin/js/jquery.init.js HTTP/1.1" 304 0
INFO 2026-08-03 01:30:24,224 log 9236 3316 "GET /static/admin/js/urlify.js HTTP/1.1" 304 0
INFO 2026-08-03 01:30:24,231 log 9236 13352 "GET /static/admin/css/responsive.css HTTP/1.1" 304 0
INFO 2026-08-03 01:30:24,238 log 9236 17440 "GET /static/admin/js/prepopulate.js HTTP/1.1" 304 0
INFO 2026-08-03 01:30:24,248 log 9236 1968 "GET /static/admin/js/vendor/xregexp/xregexp.js HTTP/1.1" 304 0
INFO 2026-08-03 01:30:24,302 log 9236 1968 "GET /static/admin/js/nav_sidebar.js HTTP/1.1" 304 0
INFO 2026-08-03 01:30:28,993 log 9236 7528 "GET /admin/jsi18n/ HTTP/1.1" 200 3342
INFO 2026-08-03 01:30:56,301 log 9236 7528 "GET /admin/movies/movie/5013/change/ HTTP/1.1" 200 17865
INFO 2026-08-03 01:31:00,549 log 9236 7528 "GET /admin/jsi18n/ HTTP/1.1" 200 3342
INFO 2026-08-03 01:32:18,748 log 9236 10668 "POST /admin/movies/movie/5013/change/ HTTP/1.1" 302 0
INFO 2026-08-03 01:32:25,547 log 9236 10668 "GET /admin/movies/movie/ HTTP/1.1" 200 63611
INFO 2026-08-03 01:32:25,574 log 9236 10668 "GET /static/admin/css/changelists.css HTTP/1.1" 304 0
INFO 2026-08-03 01:32:25,589 log 9236 10668 "GET /static/admin/js/filters.js HTTP/1.1" 304 0
INFO 2026-08-03 01:32:29,441 log 9236 1180 "GET /admin/jsi18n/ HTTP/1.1" 200 3342
INFO 2026-08-03 01:32:29,470 log 9236 1180 "GET /static/admin/img/icon-yes-dark.svg HTTP/1.1" 304 0
INFO 2026-08-03 01:32:43,595 log 9236 1180 "GET /admin/movies/movie/5014/change/ HTTP/1.1" 200 17859
INFO 2026-08-03 01:32:43,615 log 9236 1180 "GET /static/admin/css/forms.css HTTP/1.1" 304 0
INFO 2026-08-03 01:32:43,624 log 9236 3704 "GET /static/admin/js/SelectBox.js HTTP/1.1" 304 0
INFO 2026-08-03 01:32:43,640 log 9236 1180 "GET /static/admin/css/widgets.css HTTP/1.1" 304 0
INFO 2026-08-03 01:32:43,647 log 9236 10100 "GET /static/admin/js/SelectFilter2.js HTTP/1.1" 304 0
INFO 2026-08-03 01:32:43,652 log 9236 1180 "GET /static/admin/js/prepopulate_init.js HTTP/1.1" 304 0
INFO 2026-08-03 01:32:43,661 log 9236 1180 "GET /static/admin/img/icon-addlink.svg HTTP/1.1" 304 0
INFO 2026-08-03 01:32:43,667 log 9236 1180 "GET /static/admin/js/change_form.js HTTP/1.1" 304 0
INFO 2026-08-03 01:32:48,672 log 9236 10668 "GET /admin/jsi18n/ HTTP/1.1" 200 3342
INFO 2026-08-03 01:32:48,744 log 9236 1180 "GET /static/admin/img/selector-icons.svg HTTP/1.1" 304 0
INFO 2026-08-03 01:32:48,745 log 9236 10668 "GET /static/admin/img/search.svg HTTP/1.1" 304 0
INFO 2026-08-03 01:33:13,142 log 9236 1180 "POST /admin/movies/movie/5014/change/ HTTP/1.1" 302 0
INFO 2026-08-03 01:33:17,543 log 9236 1180 "GET /admin/movies/movie/ HTTP/1.1" 200 63598
INFO 2026-08-03 01:33:20,241 log 9236 1180 "GET /admin/jsi18n/ HTTP/1.1" 200 3342
INFO 2026-08-03 01:33:30,134 log 9236 1180 "GET /admin/movies/movie/5015/change/ HTTP/1.1" 200 17845
INFO 2026-08-03 01:33:32,738 log 9236 1180 "GET /admin/jsi18n/ HTTP/1.1" 200 3342
INFO 2026-08-03 01:33:48,309 log 9236 1180 "POST /admin/movies/movie/5015/change/ HTTP/1.1" 302 0
INFO 2026-08-03 01:33:52,726 log 9236 1180 "GET /admin/movies/movie/ HTTP/1.1" 200 63583
INFO 2026-08-03 01:33:52,781 log 9236 10100 "GET /static/admin/js/theme.js HTTP/1.1" 304 0
INFO 2026-08-03 01:33:52,793 log 9236 10668 "GET /static/admin/css/dark_mode.css HTTP/1.1" 304 0
INFO 2026-08-03 01:33:52,800 log 9236 3704 "GET /static/admin/css/nav_sidebar.css HTTP/1.1" 304 0
INFO 2026-08-03 01:33:52,800 log 9236 1180 "GET /static/admin/css/base.css HTTP/1.1" 304 0
INFO 2026-08-03 01:33:52,807 log 9236 9028 "GET /static/admin/js/vendor/jquery/jquery.js HTTP/1.1" 304 0
INFO 2026-08-03 01:33:52,807 log 9236 10668 "GET /static/admin/js/jquery.init.js HTTP/1.1" 304 0
INFO 2026-08-03 01:33:52,814 log 9236 10100 "GET /static/admin/css/responsive.css HTTP/1.1" 304 0
INFO 2026-08-03 01:33:52,819 log 9236 1180 "GET /static/admin/js/admin/RelatedObjectLookups.js HTTP/1.1" 304 0
INFO 2026-08-03 01:33:52,827 log 9236 9028 "GET /static/admin/js/actions.js HTTP/1.1" 304 0
INFO 2026-08-03 01:33:52,828 log 9236 10668 "GET /static/admin/js/urlify.js HTTP/1.1" 304 0
INFO 2026-08-03 01:33:52,829 log 9236 10100 "GET /static/admin/js/prepopulate.js HTTP/1.1" 304 0
INFO 2026-08-03 01:33:52,830 log 9236 3704 "GET /static/admin/js/core.js HTTP/1.1" 304 0
INFO 2026-08-03 01:33:52,833 log 9236 1180 "GET /static/admin/js/vendor/xregexp/xregexp.js HTTP/1.1" 304 0
INFO 2026-08-03 01:33:52,838 log 9236 1180 "GET /static/admin/js/nav_sidebar.js HTTP/1.1" 304 0
INFO 2026-08-03 01:33:55,427 log 9236 1220 "GET /admin/jsi18n/ HTTP/1.1" 200 3342
INFO 2026-08-03 01:34:05,261 log 9236 1220 "GET /admin/movies/movie/5016/change/ HTTP/1.1" 200 17859
INFO 2026-08-03 01:34:07,807 log 9236 1220 "GET /admin/jsi18n/ HTTP/1.1" 200 3342
INFO 2026-08-03 01:34:22,466 log 9236 1220 "POST /admin/movies/movie/5016/change/ HTTP/1.1" 302 0
INFO 2026-08-03 01:34:26,661 log 9236 1220 "GET /admin/movies/movie/ HTTP/1.1" 200 63579
INFO 2026-08-03 01:34:29,256 log 9236 1220 "GET /admin/jsi18n/ HTTP/1.1" 200 3342
INFO 2026-08-03 01:34:40,180 log 9236 1220 "GET /admin/movies/movie/5017/change/ HTTP/1.1" 200 17869
INFO 2026-08-03 01:34:42,889 log 9236 1220 "GET /admin/jsi18n/ HTTP/1.1" 200 3342
INFO 2026-08-03 01:34:58,257 log 9236 18836 "POST /admin/movies/movie/5017/change/ HTTP/1.1" 302 0
INFO 2026-08-03 01:35:02,491 log 9236 18836 "GET /admin/movies/movie/ HTTP/1.1" 200 63565
INFO 2026-08-03 01:35:05,098 log 9236 18836 "GET /admin/jsi18n/ HTTP/1.1" 200 3342
INFO 2026-08-03 01:35:16,034 log 9236 18836 "GET /admin/movies/movie/5012/change/ HTTP/1.1" 200 17893
INFO 2026-08-03 01:35:18,587 log 9236 18836 "GET /admin/jsi18n/ HTTP/1.1" 200 3342
INFO 2026-08-03 01:36:15,711 log 9236 18744 "POST /admin/movies/movie/5012/change/ HTTP/1.1" 302 0
INFO 2026-08-03 01:36:20,025 log 9236 18744 "GET /admin/movies/movie/ HTTP/1.1" 200 63558
INFO 2026-08-03 01:36:20,075 log 9236 18744 "GET /static/admin/css/changelists.css HTTP/1.1" 304 0
INFO 2026-08-03 01:36:20,083 log 9236 18744 "GET /static/admin/js/filters.js HTTP/1.1" 304 0
INFO 2026-08-03 01:36:22,689 log 9236 11164 "GET /admin/jsi18n/ HTTP/1.1" 200 3342
INFO 2026-08-03 01:36:22,732 log 9236 11164 "GET /static/admin/img/icon-yes-dark.svg HTTP/1.1" 304 0
INFO 2026-08-03 01:36:40,094 log 9236 11164 "GET /admin/movies/movie/5011/change/ HTTP/1.1" 200 17869
INFO 2026-08-03 01:36:40,118 log 9236 11164 "GET /static/admin/css/forms.css HTTP/1.1" 304 0
INFO 2026-08-03 01:36:40,142 log 9236 19356 "GET /static/admin/js/SelectFilter2.js HTTP/1.1" 304 0
INFO 2026-08-03 01:36:40,145 log 9236 11164 "GET /static/admin/js/prepopulate_init.js HTTP/1.1" 304 0
INFO 2026-08-03 01:36:40,143 log 9236 18520 "GET /static/admin/js/SelectBox.js HTTP/1.1" 304 0
INFO 2026-08-03 01:36:40,154 log 9236 13956 "GET /static/admin/css/widgets.css HTTP/1.1" 304 0
INFO 2026-08-03 01:36:40,163 log 9236 13956 "GET /static/admin/img/icon-addlink.svg HTTP/1.1" 304 0
INFO 2026-08-03 01:36:40,169 log 9236 13956 "GET /static/admin/js/change_form.js HTTP/1.1" 304 0
INFO 2026-08-03 01:36:42,972 log 9236 18744 "GET /admin/jsi18n/ HTTP/1.1" 200 3342
INFO 2026-08-03 01:36:43,041 log 9236 18744 "GET /static/admin/img/search.svg HTTP/1.1" 304 0
INFO 2026-08-03 01:36:43,041 log 9236 13956 "GET /static/admin/img/selector-icons.svg HTTP/1.1" 304 0
INFO 2026-08-03 01:37:58,222 log 9236 13956 "POST /admin/movies/movie/5011/change/ HTTP/1.1" 302 0
INFO 2026-08-03 01:38:02,488 log 9236 13956 "GET /admin/movies/movie/ HTTP/1.1" 200 63547
INFO 2026-08-03 01:38:02,537 log 9236 18520 "GET /static/admin/css/nav_sidebar.css HTTP/1.1" 304 0
INFO 2026-08-03 01:38:02,538 log 9236 11164 "GET /static/admin/js/theme.js HTTP/1.1" 304 0
INFO 2026-08-03 01:38:02,538 log 9236 18744 "GET /static/admin/css/dark_mode.css HTTP/1.1" 304 0
INFO 2026-08-03 01:38:02,542 log 9236 13956 "GET /static/admin/css/base.css HTTP/1.1" 304 0
INFO 2026-08-03 01:38:02,550 log 9236 1488 "GET /static/admin/js/vendor/jquery/jquery.js HTTP/1.1" 304 0
INFO 2026-08-03 01:38:02,552 log 9236 18520 "GET /static/admin/js/jquery.init.js HTTP/1.1" 304 0
INFO 2026-08-03 01:38:02,553 log 9236 11164 "GET /static/admin/js/core.js HTTP/1.1" 304 0
INFO 2026-08-03 01:38:02,562 log 9236 18744 "GET /static/admin/css/responsive.css HTTP/1.1" 304 0
INFO 2026-08-03 01:38:02,574 log 9236 13956 "GET /static/admin/js/admin/RelatedObjectLookups.js HTTP/1.1" 304 0
INFO 2026-08-03 01:38:02,575 log 9236 18520 "GET /static/admin/js/urlify.js HTTP/1.1" 304 0
INFO 2026-08-03 01:38:02,576 log 9236 1488 "GET /static/admin/js/actions.js HTTP/1.1" 304 0
INFO 2026-08-03 01:38:02,582 log 9236 11164 "GET /static/admin/js/prepopulate.js HTTP/1.1" 304 0
INFO 2026-08-03 01:38:02,582 log 9236 18744 "GET /static/admin/js/vendor/xregexp/xregexp.js HTTP/1.1" 304 0
INFO 2026-08-03 01:38:02,590 log 9236 18744 "GET /static/admin/js/nav_sidebar.js HTTP/1.1" 304 0
INFO 2026-08-03 01:38:05,296 log 9236 19356 "GET /admin/jsi18n/ HTTP/1.1" 200 3342
INFO 2026-08-03 01:38:17,067 log 9236 19356 "GET /admin/movies/movie/5010/change/ HTTP/1.1" 200 17845
INFO 2026-08-03 01:38:19,825 log 9236 19356 "GET /admin/jsi18n/ HTTP/1.1" 200 3342
INFO 2026-08-03 01:39:18,799 log 9236 19356 "POST /admin/movies/movie/5010/change/ HTTP/1.1" 302 0
INFO 2026-08-03 01:39:23,096 log 9236 19356 "GET /admin/movies/movie/ HTTP/1.1" 200 63533
INFO 2026-08-03 01:39:25,954 log 9236 19356 "GET /admin/jsi18n/ HTTP/1.1" 200 3342
INFO 2026-08-03 01:39:35,492 log 9236 19356 "GET /admin/movies/movie/5009/change/ HTTP/1.1" 200 17836
INFO 2026-08-03 01:39:38,164 log 9236 19356 "GET /admin/jsi18n/ HTTP/1.1" 200 3342
INFO 2026-08-03 01:40:40,517 log 9236 19356 "POST /admin/movies/movie/5009/change/ HTTP/1.1" 302 0
INFO 2026-08-03 01:40:44,825 log 9236 19356 "GET /admin/movies/movie/ HTTP/1.1" 200 63527
INFO 2026-08-03 01:40:44,858 log 9236 19356 "GET /static/admin/css/changelists.css HTTP/1.1" 304 0
INFO 2026-08-03 01:40:44,868 log 9236 19356 "GET /static/admin/js/filters.js HTTP/1.1" 304 0
INFO 2026-08-03 01:40:47,491 log 9236 18744 "GET /admin/jsi18n/ HTTP/1.1" 200 3342
INFO 2026-08-03 01:40:47,528 log 9236 18744 "GET /static/admin/img/icon-yes-dark.svg HTTP/1.1" 304 0
INFO 2026-08-03 01:40:57,184 log 9236 18744 "GET /admin/movies/movie/5008/change/ HTTP/1.1" 200 17897
INFO 2026-08-03 01:40:57,222 log 9236 1488 "GET /static/admin/js/SelectFilter2.js HTTP/1.1" 304 0
INFO 2026-08-03 01:40:57,225 log 9236 18520 "GET /static/admin/js/prepopulate_init.js HTTP/1.1" 304 0
INFO 2026-08-03 01:40:57,226 log 9236 11164 "GET /static/admin/js/SelectBox.js HTTP/1.1" 304 0
INFO 2026-08-03 01:40:57,228 log 9236 18744 "GET /static/admin/css/forms.css HTTP/1.1" 304 0
INFO 2026-08-03 01:40:57,243 log 9236 18744 "GET /static/admin/img/icon-addlink.svg HTTP/1.1" 304 0
INFO 2026-08-03 01:40:57,247 log 9236 11164 "GET /static/admin/css/widgets.css HTTP/1.1" 304 0
INFO 2026-08-03 01:40:57,257 log 9236 11164 "GET /static/admin/js/change_form.js HTTP/1.1" 304 0
INFO 2026-08-03 01:40:59,922 log 9236 19356 "GET /admin/jsi18n/ HTTP/1.1" 200 3342
INFO 2026-08-03 01:40:59,990 log 9236 11164 "GET /static/admin/img/selector-icons.svg HTTP/1.1" 304 0
INFO 2026-08-03 01:40:59,990 log 9236 19356 "GET /static/admin/img/search.svg HTTP/1.1" 304 0
INFO 2026-08-03 01:42:07,979 log 9236 19356 "POST /admin/movies/movie/5008/change/ HTTP/1.1" 302 0
INFO 2026-08-03 01:42:12,337 log 9236 19356 "GET /admin/movies/movie/ HTTP/1.1" 200 63515
INFO 2026-08-03 01:42:12,378 log 9236 18744 "GET /static/admin/js/theme.js HTTP/1.1" 304 0
INFO 2026-08-03 01:42:12,378 log 9236 11164 "GET /static/admin/css/dark_mode.css HTTP/1.1" 304 0
INFO 2026-08-03 01:42:12,378 log 9236 13956 "GET /static/admin/js/vendor/jquery/jquery.js HTTP/1.1" 304 0
INFO 2026-08-03 01:42:12,379 log 9236 18520 "GET /static/admin/css/nav_sidebar.css HTTP/1.1" 304 0
INFO 2026-08-03 01:42:12,379 log 9236 19356 "GET /static/admin/css/base.css HTTP/1.1" 304 0
INFO 2026-08-03 01:42:12,392 log 9236 18744 "GET /static/admin/js/core.js HTTP/1.1" 304 0
INFO 2026-08-03 01:42:12,393 log 9236 11164 "GET /static/admin/js/jquery.init.js HTTP/1.1" 304 0
INFO 2026-08-03 01:42:12,392 log 9236 13956 "GET /static/admin/css/responsive.css HTTP/1.1" 304 0
INFO 2026-08-03 01:42:12,394 log 9236 19356 "GET /static/admin/js/admin/RelatedObjectLookups.js HTTP/1.1" 304 0
INFO 2026-08-03 01:42:12,397 log 9236 18520 "GET /static/admin/js/actions.js HTTP/1.1" 304 0
INFO 2026-08-03 01:42:12,406 log 9236 13956 "GET /static/admin/js/prepopulate.js HTTP/1.1" 304 0
INFO 2026-08-03 01:42:12,407 log 9236 11164 "GET /static/admin/js/vendor/xregexp/xregexp.js HTTP/1.1" 304 0
INFO 2026-08-03 01:42:12,407 log 9236 18744 "GET /static/admin/js/urlify.js HTTP/1.1" 304 0
INFO 2026-08-03 01:42:12,413 log 9236 18744 "GET /static/admin/js/nav_sidebar.js HTTP/1.1" 304 0
INFO 2026-08-03 01:42:15,349 log 9236 1488 "GET /admin/jsi18n/ HTTP/1.1" 200 3342
INFO 2026-08-03 01:42:25,889 log 9236 1488 "GET /admin/movies/movie/5007/change/ HTTP/1.1" 200 17849
INFO 2026-08-03 01:42:28,660 log 9236 1488 "GET /admin/jsi18n/ HTTP/1.1" 200 3342
INFO 2026-08-03 01:43:27,843 log 9236 1488 "POST /admin/movies/movie/5007/change/ HTTP/1.1" 302 0
INFO 2026-08-03 01:43:32,040 log 9236 1488 "GET /admin/movies/movie/ HTTP/1.1" 200 63504
INFO 2026-08-03 01:43:34,962 log 9236 1488 "GET /admin/jsi18n/ HTTP/1.1" 200 3342
INFO 2026-08-03 01:43:44,737 log 9236 1488 "GET /admin/movies/movie/5006/change/ HTTP/1.1" 200 17867
INFO 2026-08-03 01:43:47,437 log 9236 1488 "GET /admin/jsi18n/ HTTP/1.1" 200 3342
INFO 2026-08-03 01:44:36,274 log 9236 1488 "POST /admin/movies/movie/5006/change/ HTTP/1.1" 302 0
INFO 2026-08-03 01:44:40,532 log 9236 1488 "GET /admin/movies/movie/ HTTP/1.1" 200 63496
INFO 2026-08-03 01:44:43,315 log 9236 1488 "GET /admin/jsi18n/ HTTP/1.1" 200 3342
INFO 2026-08-03 01:44:57,239 log 9236 1488 "GET /admin/movies/movie/5005/change/ HTTP/1.1" 200 17817
INFO 2026-08-03 01:45:00,211 log 9236 1488 "GET /admin/jsi18n/ HTTP/1.1" 200 3342
INFO 2026-08-03 01:45:53,347 log 9236 1488 "POST /admin/movies/movie/5005/change/ HTTP/1.1" 302 0
INFO 2026-08-03 01:45:57,550 log 9236 1488 "GET /admin/movies/movie/ HTTP/1.1" 200 63483
INFO 2026-08-03 01:45:57,595 log 9236 1488 "GET /static/admin/css/changelists.css HTTP/1.1" 304 0
INFO 2026-08-03 01:45:57,629 log 9236 1488 "GET /static/admin/js/filters.js HTTP/1.1" 304 0
INFO 2026-08-03 01:46:00,414 log 9236 18744 "GET /admin/jsi18n/ HTTP/1.1" 200 3342
INFO 2026-08-03 01:46:00,449 log 9236 18744 "GET /static/admin/img/icon-yes-dark.svg HTTP/1.1" 304 0
INFO 2026-08-03 01:47:45,689 log 9236 18744 "GET /admin/movies/movie/5004/change/ HTTP/1.1" 200 17868
INFO 2026-08-03 01:47:45,732 log 9236 1488 "GET /static/admin/css/dark_mode.css HTTP/1.1" 304 0
INFO 2026-08-03 01:47:45,758 log 9236 18744 "GET /static/admin/css/base.css HTTP/1.1" 304 0
INFO 2026-08-03 01:47:45,763 log 9236 3812 "GET /static/admin/css/nav_sidebar.css HTTP/1.1" 304 0
INFO 2026-08-03 01:47:45,764 log 9236 7080 "GET /static/admin/css/forms.css HTTP/1.1" 304 0
INFO 2026-08-03 01:47:45,770 log 9236 1488 "GET /static/admin/js/vendor/jquery/jquery.js HTTP/1.1" 304 0
INFO 2026-08-03 01:47:45,776 log 9236 10280 "GET /static/admin/js/theme.js HTTP/1.1" 304 0
INFO 2026-08-03 01:47:45,784 log 9236 3812 "GET /static/admin/js/jquery.init.js HTTP/1.1" 304 0
INFO 2026-08-03 01:47:45,794 log 9236 18744 "GET /static/admin/css/responsive.css HTTP/1.1" 304 0
INFO 2026-08-03 01:47:45,803 log 9236 7080 "GET /static/admin/js/core.js HTTP/1.1" 304 0
INFO 2026-08-03 01:47:45,805 log 9236 1488 "GET /static/admin/js/admin/RelatedObjectLookups.js HTTP/1.1" 304 0
INFO 2026-08-03 01:47:45,807 log 9236 10280 "GET /static/admin/js/SelectBox.js HTTP/1.1" 304 0
INFO 2026-08-03 01:47:45,819 log 9236 18744 "GET /static/admin/js/actions.js HTTP/1.1" 304 0
INFO 2026-08-03 01:47:45,819 log 9236 3812 "GET /static/admin/css/widgets.css HTTP/1.1" 304 0
INFO 2026-08-03 01:47:45,825 log 9236 1488 "GET /static/admin/js/urlify.js HTTP/1.1" 304 0
INFO 2026-08-03 01:47:45,829 log 9236 18744 "GET /static/admin/js/vendor/xregexp/xregexp.js HTTP/1.1" 304 0
INFO 2026-08-03 01:47:45,829 log 9236 7080 "GET /static/admin/js/SelectFilter2.js HTTP/1.1" 304 0
INFO 2026-08-03 01:47:45,831 log 9236 10280 "GET /static/admin/js/prepopulate.js HTTP/1.1" 304 0
INFO 2026-08-03 01:47:45,836 log 9236 3812 "GET /static/admin/js/prepopulate_init.js HTTP/1.1" 304 0
INFO 2026-08-03 01:47:45,841 log 9236 3812 "GET /static/admin/js/nav_sidebar.js HTTP/1.1" 304 0
INFO 2026-08-03 01:47:45,846 log 9236 3812 "GET /static/admin/img/icon-addlink.svg HTTP/1.1" 304 0
INFO 2026-08-03 01:47:45,856 log 9236 3812 "GET /static/admin/js/change_form.js HTTP/1.1" 304 0
INFO 2026-08-03 01:47:48,262 log 9236 10820 "GET /admin/jsi18n/ HTTP/1.1" 200 3342
INFO 2026-08-03 01:47:48,353 log 9236 10820 "GET /static/admin/img/search.svg HTTP/1.1" 304 0
INFO 2026-08-03 01:47:48,355 log 9236 3812 "GET /static/admin/img/selector-icons.svg HTTP/1.1" 304 0
INFO 2026-08-03 01:48:46,420 log 9236 3812 "POST /admin/movies/movie/5004/change/ HTTP/1.1" 302 0
INFO 2026-08-03 01:48:53,134 log 9236 3812 "GET /admin/movies/movie/ HTTP/1.1" 200 63472
INFO 2026-08-03 01:48:55,825 log 9236 3812 "GET /admin/jsi18n/ HTTP/1.1" 200 3342
INFO 2026-08-03 01:49:10,337 log 9236 3812 "GET /admin/movies/movie/5003/change/ HTTP/1.1" 200 17864
INFO 2026-08-03 01:49:13,419 log 9236 3812 "GET /admin/jsi18n/ HTTP/1.1" 200 3342
INFO 2026-08-03 01:50:01,159 log 9236 3812 "POST /admin/movies/movie/5003/change/ HTTP/1.1" 302 0
INFO 2026-08-03 01:50:05,873 log 9236 3812 "GET /admin/movies/movie/ HTTP/1.1" 200 63465
INFO 2026-08-03 01:50:08,652 log 9236 3812 "GET /admin/jsi18n/ HTTP/1.1" 200 3342
INFO 2026-08-03 01:50:28,883 log 9236 3812 "GET /admin/movies/movie/5002/change/ HTTP/1.1" 200 17845
INFO 2026-08-03 01:50:31,472 log 9236 3812 "GET /admin/jsi18n/ HTTP/1.1" 200 3342
INFO 2026-08-03 01:51:16,311 log 9236 3812 "POST /admin/movies/movie/5002/change/ HTTP/1.1" 302 0
INFO 2026-08-03 01:51:20,646 log 9236 3812 "GET /admin/movies/movie/ HTTP/1.1" 200 63455
INFO 2026-08-03 01:51:20,680 log 9236 3812 "GET /static/admin/css/changelists.css HTTP/1.1" 304 0
INFO 2026-08-03 01:51:20,696 log 9236 3812 "GET /static/admin/js/filters.js HTTP/1.1" 304 0
INFO 2026-08-03 01:51:23,117 log 9236 10820 "GET /admin/jsi18n/ HTTP/1.1" 200 3342
INFO 2026-08-03 01:51:23,178 log 9236 10820 "GET /static/admin/img/icon-yes-dark.svg HTTP/1.1" 304 0
INFO 2026-08-03 01:51:36,617 log 9236 10820 "GET /admin/movies/movie/5001/change/ HTTP/1.1" 200 17875
INFO 2026-08-03 01:51:39,778 log 9236 10820 "GET /admin/jsi18n/ HTTP/1.1" 200 3342
INFO 2026-08-03 01:52:35,880 log 9236 10820 "POST /admin/movies/movie/5001/change/ HTTP/1.1" 302 0
INFO 2026-08-03 01:52:40,109 log 9236 10820 "GET /admin/movies/movie/ HTTP/1.1" 200 63446
INFO 2026-08-03 01:52:42,916 log 9236 10820 "GET /admin/jsi18n/ HTTP/1.1" 200 3342
INFO 2026-08-03 01:53:01,493 log 9236 10820 "GET /admin/movies/movie/5000/change/ HTTP/1.1" 200 17832
INFO 2026-08-03 01:53:01,514 log 9236 10820 "GET /static/admin/css/base.css HTTP/1.1" 304 0
INFO 2026-08-03 01:53:01,518 log 9236 3812 "GET /static/admin/css/dark_mode.css HTTP/1.1" 304 0
INFO 2026-08-03 01:53:01,544 log 9236 3812 "GET /static/admin/js/jquery.init.js HTTP/1.1" 304 0
INFO 2026-08-03 01:53:01,546 log 9236 10820 "GET /static/admin/js/vendor/jquery/jquery.js HTTP/1.1" 304 0
INFO 2026-08-03 01:53:01,560 log 9236 15828 "GET /static/admin/js/theme.js HTTP/1.1" 304 0
INFO 2026-08-03 01:53:01,558 log 9236 13300 "GET /static/admin/css/nav_sidebar.css HTTP/1.1" 304 0
INFO 2026-08-03 01:53:01,567 log 9236 13968 "GET /static/admin/css/forms.css HTTP/1.1" 304 0
INFO 2026-08-03 01:53:01,570 log 9236 3812 "GET /static/admin/css/responsive.css HTTP/1.1" 304 0
INFO 2026-08-03 01:53:01,571 log 9236 10820 "GET /static/admin/js/core.js HTTP/1.1" 304 0
INFO 2026-08-03 01:53:01,586 log 9236 15828 "GET /static/admin/js/SelectBox.js HTTP/1.1" 304 0
INFO 2026-08-03 01:53:01,642 log 9236 13300 "GET /static/admin/js/admin/RelatedObjectLookups.js HTTP/1.1" 304 0
INFO 2026-08-03 01:53:01,657 log 9236 13968 "GET /static/admin/js/actions.js HTTP/1.1" 304 0
INFO 2026-08-03 01:53:01,657 log 9236 15828 "GET /static/admin/js/urlify.js HTTP/1.1" 304 0
INFO 2026-08-03 01:53:01,658 log 9236 3812 "GET /static/admin/css/widgets.css HTTP/1.1" 304 0
INFO 2026-08-03 01:53:01,658 log 9236 10820 "GET /static/admin/js/SelectFilter2.js HTTP/1.1" 304 0
INFO 2026-08-03 01:53:01,671 log 9236 13300 "GET /static/admin/js/prepopulate.js HTTP/1.1" 304 0
INFO 2026-08-03 01:53:01,758 log 9236 10820 "GET /static/admin/js/vendor/xregexp/xregexp.js HTTP/1.1" 304 0
INFO 2026-08-03 01:53:01,768 log 9236 13300 "GET /static/admin/js/prepopulate_init.js HTTP/1.1" 304 0
INFO 2026-08-03 01:53:01,812 log 9236 13300 "GET /static/admin/js/nav_sidebar.js HTTP/1.1" 304 0
INFO 2026-08-03 01:53:01,817 log 9236 13300 "GET /static/admin/img/icon-addlink.svg HTTP/1.1" 304 0
INFO 2026-08-03 01:53:01,822 log 9236 13300 "GET /static/admin/js/change_form.js HTTP/1.1" 304 0
INFO 2026-08-03 01:53:04,319 log 9236 8560 "GET /admin/jsi18n/ HTTP/1.1" 200 3342
INFO 2026-08-03 01:53:04,376 log 9236 8560 "GET /static/admin/img/search.svg HTTP/1.1" 304 0
INFO 2026-08-03 01:53:04,377 log 9236 13300 "GET /static/admin/img/selector-icons.svg HTTP/1.1" 304 0
INFO 2026-08-03 01:54:05,069 log 9236 13300 "POST /admin/movies/movie/5000/change/ HTTP/1.1" 302 0
INFO 2026-08-03 01:54:09,579 log 9236 13300 "GET /admin/movies/movie/ HTTP/1.1" 200 63435
INFO 2026-08-03 01:54:12,558 log 9236 13300 "GET /admin/jsi18n/ HTTP/1.1" 200 3342
INFO 2026-08-03 01:54:25,581 log 9236 13300 "GET /admin/movies/movie/4999/change/ HTTP/1.1" 200 17886
INFO 2026-08-03 01:54:28,326 log 9236 13300 "GET /admin/jsi18n/ HTTP/1.1" 200 3342
INFO 2026-08-03 01:55:39,411 basehttp 9236 13300 - Broken pipe from ('127.0.0.1', 49713)
INFO 2026-08-03 01:55:45,941 log 9236 8560 "POST /admin/movies/movie/4999/change/ HTTP/1.1" 302 0
INFO 2026-08-03 01:55:50,354 log 9236 8560 "GET /admin/movies/movie/ HTTP/1.1" 200 63427
INFO 2026-08-03 01:55:53,114 log 9236 8560 "GET /admin/jsi18n/ HTTP/1.1" 200 3342
INFO 2026-08-03 01:56:16,482 log 9236 8560 "GET /admin/movies/movie/4999/change/ HTTP/1.1" 200 17874
INFO 2026-08-03 01:56:18,897 log 9236 8560 "GET /admin/jsi18n/ HTTP/1.1" 200 3342
INFO 2026-08-03 01:56:32,426 log 9236 8560 "GET /admin/movies/movie/ HTTP/1.1" 200 63218
INFO 2026-08-03 01:56:41,892 log 9236 8560 "GET /admin/movies/movie/4998/change/ HTTP/1.1" 200 17840
INFO 2026-08-03 01:56:44,269 log 9236 8560 "GET /admin/jsi18n/ HTTP/1.1" 200 3342
INFO 2026-08-03 01:57:33,898 log 9236 8560 "POST /admin/movies/movie/4998/change/ HTTP/1.1" 302 0
INFO 2026-08-03 01:57:38,566 log 9236 8560 "GET /admin/movies/movie/ HTTP/1.1" 200 63421
INFO 2026-08-03 01:57:38,582 log 9236 10820 "GET /static/admin/css/changelists.css HTTP/1.1" 304 0
INFO 2026-08-03 01:57:38,586 log 9236 10820 "GET /static/admin/js/filters.js HTTP/1.1" 304 0
INFO 2026-08-03 01:57:41,245 log 9236 3812 "GET /admin/jsi18n/ HTTP/1.1" 200 3342
INFO 2026-08-03 01:57:41,269 log 9236 3812 "GET /static/admin/img/icon-yes-dark.svg HTTP/1.1" 304 0
INFO 2026-08-03 01:57:53,904 log 9236 3812 "GET /admin/movies/movie/4997/change/ HTTP/1.1" 200 17884
INFO 2026-08-03 01:57:56,382 log 9236 3812 "GET /admin/jsi18n/ HTTP/1.1" 200 3342
INFO 2026-08-03 01:58:52,685 log 9236 3812 "POST /admin/movies/movie/4997/change/ HTTP/1.1" 302 0
INFO 2026-08-03 01:58:56,595 log 9236 3812 "GET /admin/movies/movie/ HTTP/1.1" 200 63409
INFO 2026-08-03 01:58:56,611 log 9236 10820 "GET /static/admin/css/dark_mode.css HTTP/1.1" 304 0
INFO 2026-08-03 01:58:56,611 log 9236 8560 "GET /static/admin/js/theme.js HTTP/1.1" 304 0
INFO 2026-08-03 01:58:56,611 log 9236 3812 "GET /static/admin/css/base.css HTTP/1.1" 304 0
INFO 2026-08-03 01:58:56,622 log 9236 8560 "GET /static/admin/js/jquery.init.js HTTP/1.1" 304 0
INFO 2026-08-03 01:58:56,626 log 9236 10820 "GET /static/admin/js/admin/RelatedObjectLookups.js HTTP/1.1" 304 0
INFO 2026-08-03 01:58:56,633 log 9236 15504 "GET /static/admin/css/nav_sidebar.css HTTP/1.1" 304 0
INFO 2026-08-03 01:58:56,635 log 9236 8560 "GET /static/admin/css/responsive.css HTTP/1.1" 304 0
INFO 2026-08-03 01:58:56,635 log 9236 3812 "GET /static/admin/js/core.js HTTP/1.1" 304 0
INFO 2026-08-03 01:58:56,642 log 9236 15504 "GET /static/admin/js/urlify.js HTTP/1.1" 304 0
INFO 2026-08-03 01:58:56,646 log 9236 10820 "GET /static/admin/js/actions.js HTTP/1.1" 304 0
INFO 2026-08-03 01:58:56,646 log 9236 8560 "GET /static/admin/js/prepopulate.js HTTP/1.1" 304 0
INFO 2026-08-03 01:58:56,646 log 9236 1468 "GET /static/admin/js/vendor/jquery/jquery.js HTTP/1.1" 304 0
INFO 2026-08-03 01:58:56,650 log 9236 3812 "GET /static/admin/js/vendor/xregexp/xregexp.js HTTP/1.1" 304 0
INFO 2026-08-03 01:58:56,652 log 9236 3812 "GET /static/admin/js/nav_sidebar.js HTTP/1.1" 304 0
INFO 2026-08-03 01:58:59,080 log 9236 18072 "GET /admin/jsi18n/ HTTP/1.1" 200 3342
INFO 2026-08-03 01:59:19,066 log 9236 18072 "GET /admin/movies/movie/4996/change/ HTTP/1.1" 200 17876
INFO 2026-08-03 01:59:19,108 log 9236 1468 "GET /static/admin/js/SelectBox.js HTTP/1.1" 304 0
INFO 2026-08-03 01:59:19,110 log 9236 10820 "GET /static/admin/js/SelectFilter2.js HTTP/1.1" 304 0
INFO 2026-08-03 01:59:19,110 log 9236 18072 "GET /static/admin/css/forms.css HTTP/1.1" 304 0
INFO 2026-08-03 01:59:19,112 log 9236 8560 "GET /static/admin/js/prepopulate_init.js HTTP/1.1" 304 0
INFO 2026-08-03 01:59:19,118 log 9236 8560 "GET /static/admin/css/widgets.css HTTP/1.1" 304 0
INFO 2026-08-03 01:59:19,123 log 9236 8560 "GET /static/admin/img/icon-addlink.svg HTTP/1.1" 304 0
INFO 2026-08-03 01:59:19,127 log 9236 8560 "GET /static/admin/js/change_form.js HTTP/1.1" 304 0
INFO 2026-08-03 01:59:21,546 log 9236 3812 "GET /admin/jsi18n/ HTTP/1.1" 200 3342
INFO 2026-08-03 01:59:21,612 log 9236 8560 "GET /static/admin/img/selector-icons.svg HTTP/1.1" 304 0
INFO 2026-08-03 01:59:21,612 log 9236 3812 "GET /static/admin/img/search.svg HTTP/1.1" 304 0
INFO 2026-08-03 02:00:06,890 log 9236 3812 "POST /admin/movies/movie/4996/change/ HTTP/1.1" 302 0
INFO 2026-08-03 02:00:10,655 log 9236 3812 "GET /admin/movies/movie/ HTTP/1.1" 200 63397
INFO 2026-08-03 02:00:13,093 log 9236 3812 "GET /admin/jsi18n/ HTTP/1.1" 200 3342
INFO 2026-08-03 02:00:25,367 log 9236 3812 "GET /admin/movies/movie/4995/change/ HTTP/1.1" 200 17882
INFO 2026-08-03 02:00:27,774 log 9236 3812 "GET /admin/jsi18n/ HTTP/1.1" 200 3342
INFO 2026-08-03 02:01:39,957 log 9236 17704 "POST /admin/movies/movie/4995/change/ HTTP/1.1" 302 0
INFO 2026-08-03 02:01:44,161 log 9236 17704 "GET /admin/movies/movie/ HTTP/1.1" 200 63388
INFO 2026-08-03 02:01:46,529 log 9236 17704 "GET /admin/jsi18n/ HTTP/1.1" 200 3342
INFO 2026-08-03 02:01:57,051 log 9236 17704 "GET /admin/movies/movie/4994/change/ HTTP/1.1" 200 17885
INFO 2026-08-03 02:01:59,483 log 9236 17704 "GET /admin/jsi18n/ HTTP/1.1" 200 3342
INFO 2026-08-03 02:03:05,061 log 9236 17704 "POST /admin/movies/movie/4994/change/ HTTP/1.1" 302 0
INFO 2026-08-03 02:03:08,781 log 9236 17704 "GET /admin/movies/movie/ HTTP/1.1" 200 63378
INFO 2026-08-03 02:03:11,192 log 9236 17704 "GET /admin/jsi18n/ HTTP/1.1" 200 3342
INFO 2026-08-03 02:03:22,040 log 9236 17704 "GET /admin/movies/movie/4993/change/ HTTP/1.1" 200 17896
INFO 2026-08-03 02:03:24,421 log 9236 17704 "GET /admin/jsi18n/ HTTP/1.1" 200 3342
INFO 2026-08-03 02:04:04,081 log 9236 17704 "POST /admin/movies/movie/4993/change/ HTTP/1.1" 302 0
INFO 2026-08-03 02:04:07,799 log 9236 17704 "GET /admin/movies/movie/ HTTP/1.1" 200 63370
INFO 2026-08-03 02:04:07,891 log 9236 17704 "GET /static/admin/css/changelists.css HTTP/1.1" 304 0
INFO 2026-08-03 02:04:07,943 log 9236 17704 "GET /static/admin/js/filters.js HTTP/1.1" 304 0
INFO 2026-08-03 02:04:10,348 log 9236 6776 "GET /admin/jsi18n/ HTTP/1.1" 200 3342
INFO 2026-08-03 02:04:10,390 log 9236 6776 "GET /static/admin/img/icon-yes-dark.svg HTTP/1.1" 304 0
INFO 2026-08-03 02:04:21,174 log 9236 6776 "GET /admin/movies/movie/4992/change/ HTTP/1.1" 200 17844
INFO 2026-08-03 02:04:23,783 log 9236 6776 "GET /admin/jsi18n/ HTTP/1.1" 200 3342
INFO 2026-08-03 02:05:21,938 log 9236 6776 "POST /admin/movies/movie/4992/change/ HTTP/1.1" 302 0
INFO 2026-08-03 02:05:26,264 log 9236 6776 "GET /admin/movies/movie/ HTTP/1.1" 200 63354
INFO 2026-08-03 02:05:26,277 log 9236 17704 "GET /static/admin/css/dark_mode.css HTTP/1.1" 304 0
INFO 2026-08-03 02:05:26,278 log 9236 6776 "GET /static/admin/css/base.css HTTP/1.1" 304 0
INFO 2026-08-03 02:05:26,286 log 9236 6776 "GET /static/admin/js/vendor/jquery/jquery.js HTTP/1.1" 304 0
INFO 2026-08-03 02:05:26,292 log 9236 17704 "GET /static/admin/js/jquery.init.js HTTP/1.1" 304 0
INFO 2026-08-03 02:05:26,292 log 9236 17008 "GET /static/admin/css/nav_sidebar.css HTTP/1.1" 304 0
INFO 2026-08-03 02:05:26,300 log 9236 1068 "GET /static/admin/js/theme.js HTTP/1.1" 304 0
INFO 2026-08-03 02:05:26,306 log 9236 6776 "GET /static/admin/js/admin/RelatedObjectLookups.js HTTP/1.1" 304 0
INFO 2026-08-03 02:05:26,310 log 9236 17704 "GET /static/admin/css/responsive.css HTTP/1.1" 304 0
INFO 2026-08-03 02:05:26,311 log 9236 17008 "GET /static/admin/js/actions.js HTTP/1.1" 304 0
INFO 2026-08-03 02:05:26,313 log 9236 17852 "GET /static/admin/js/core.js HTTP/1.1" 304 0
INFO 2026-08-03 02:05:26,313 log 9236 6776 "GET /static/admin/js/prepopulate.js HTTP/1.1" 304 0
INFO 2026-08-03 02:05:26,313 log 9236 1068 "GET /static/admin/js/urlify.js HTTP/1.1" 304 0
INFO 2026-08-03 02:05:26,316 log 9236 17704 "GET /static/admin/js/vendor/xregexp/xregexp.js HTTP/1.1" 304 0
INFO 2026-08-03 02:05:26,322 log 9236 17704 "GET /static/admin/js/nav_sidebar.js HTTP/1.1" 304 0
INFO 2026-08-03 02:05:28,649 log 9236 17752 "GET /admin/jsi18n/ HTTP/1.1" 200 3342
INFO 2026-08-03 02:21:07,314 log 9236 17356 "GET /admin/movies/movie/4991/change/ HTTP/1.1" 200 17878
INFO 2026-08-03 02:21:07,347 log 9236 7160 "GET /static/admin/css/dark_mode.css HTTP/1.1" 304 0
INFO 2026-08-03 02:21:07,349 log 9236 17356 "GET /static/admin/css/base.css HTTP/1.1" 304 0
INFO 2026-08-03 02:21:07,374 log 9236 7160 "GET /static/admin/js/vendor/jquery/jquery.js HTTP/1.1" 304 0
INFO 2026-08-03 02:21:07,375 log 9236 12412 "GET /static/admin/css/nav_sidebar.css HTTP/1.1" 304 0
INFO 2026-08-03 02:21:07,375 log 9236 17356 "GET /static/admin/js/jquery.init.js HTTP/1.1" 304 0
INFO 2026-08-03 02:21:07,379 log 9236 17176 "GET /static/admin/css/forms.css HTTP/1.1" 304 0
INFO 2026-08-03 02:21:07,388 log 9236 7160 "GET /static/admin/css/responsive.css HTTP/1.1" 304 0
INFO 2026-08-03 02:21:07,388 log 9236 11132 "GET /static/admin/js/theme.js HTTP/1.1" 304 0
INFO 2026-08-03 02:21:07,388 log 9236 17356 "GET /static/admin/js/core.js HTTP/1.1" 304 0
INFO 2026-08-03 02:21:07,389 log 9236 17176 "GET /static/admin/js/SelectBox.js HTTP/1.1" 304 0
INFO 2026-08-03 02:21:07,394 log 9236 12412 "GET /static/admin/js/admin/RelatedObjectLookups.js HTTP/1.1" 304 0
INFO 2026-08-03 02:21:07,402 log 9236 7160 "GET /static/admin/js/actions.js HTTP/1.1" 304 0
INFO 2026-08-03 02:21:07,403 log 9236 11132 "GET /static/admin/js/SelectFilter2.js HTTP/1.1" 304 0
INFO 2026-08-03 02:21:07,405 log 9236 17356 "GET /static/admin/js/urlify.js HTTP/1.1" 304 0
INFO 2026-08-03 02:21:07,406 log 9236 17176 "GET /static/admin/js/prepopulate.js HTTP/1.1" 304 0
INFO 2026-08-03 02:21:07,408 log 9236 12412 "GET /static/admin/js/vendor/xregexp/xregexp.js HTTP/1.1" 304 0
INFO 2026-08-03 02:21:07,414 log 9236 11132 "GET /static/admin/css/widgets.css HTTP/1.1" 304 0
INFO 2026-08-03 02:21:07,416 log 9236 12412 "GET /static/admin/js/prepopulate_init.js HTTP/1.1" 304 0
INFO 2026-08-03 02:21:07,420 log 9236 12412 "GET /static/admin/js/nav_sidebar.js HTTP/1.1" 304 0
INFO 2026-08-03 02:21:07,423 log 9236 12412 "GET /static/admin/img/icon-addlink.svg HTTP/1.1" 304 0
INFO 2026-08-03 02:21:07,427 log 9236 12412 "GET /static/admin/js/change_form.js HTTP/1.1" 304 0
INFO 2026-08-03 02:21:09,762 log 9236 15112 "GET /admin/jsi18n/ HTTP/1.1" 200 3342
INFO 2026-08-03 02:21:09,815 log 9236 12412 "GET /static/admin/img/selector-icons.svg HTTP/1.1" 304 0
INFO 2026-08-03 02:21:09,816 log 9236 15112 "GET /static/admin/img/search.svg HTTP/1.1" 304 0
INFO 2026-08-03 02:22:05,853 log 9236 15112 "POST /admin/movies/movie/4991/change/ HTTP/1.1" 302 0
INFO 2026-08-03 02:22:09,555 log 9236 15112 "GET /admin/movies/movie/ HTTP/1.1" 200 63348
INFO 2026-08-03 02:22:09,578 log 9236 15112 "GET /static/admin/css/changelists.css HTTP/1.1" 304 0
INFO 2026-08-03 02:22:09,583 log 9236 15112 "GET /static/admin/js/filters.js HTTP/1.1" 304 0
INFO 2026-08-03 02:22:11,900 log 9236 12412 "GET /admin/jsi18n/ HTTP/1.1" 200 3342
INFO 2026-08-03 02:22:11,920 log 9236 12412 "GET /static/admin/img/icon-yes-dark.svg HTTP/1.1" 304 0
INFO 2026-08-03 02:22:21,438 log 9236 12412 "GET /admin/movies/movie/4990/change/ HTTP/1.1" 200 17894
INFO 2026-08-03 02:22:23,720 log 9236 12412 "GET /admin/jsi18n/ HTTP/1.1" 200 3342
INFO 2026-08-03 02:23:30,772 log 9236 12412 "POST /admin/movies/movie/4990/change/ HTTP/1.1" 302 0
INFO 2026-08-03 02:23:34,642 log 9236 12412 "GET /admin/movies/movie/ HTTP/1.1" 200 63336
INFO 2026-08-03 02:23:36,978 log 9236 12412 "GET /admin/jsi18n/ HTTP/1.1" 200 3342
INFO 2026-08-03 02:23:46,749 log 9236 12412 "GET /admin/movies/movie/4989/change/ HTTP/1.1" 200 17874
INFO 2026-08-03 02:23:49,024 log 9236 12412 "GET /admin/jsi18n/ HTTP/1.1" 200 3342
INFO 2026-08-03 02:24:57,871 log 9236 12412 "POST /admin/movies/movie/4989/change/ HTTP/1.1" 302 0
INFO 2026-08-03 02:25:01,718 log 9236 12412 "GET /admin/movies/movie/ HTTP/1.1" 200 63325
INFO 2026-08-03 02:25:04,112 log 9236 12412 "GET /admin/jsi18n/ HTTP/1.1" 200 3342
INFO 2026-08-03 02:25:13,890 log 9236 12412 "GET /admin/movies/movie/4988/change/ HTTP/1.1" 200 17830
INFO 2026-08-03 02:25:16,266 log 9236 12412 "GET /admin/jsi18n/ HTTP/1.1" 200 3342
INFO 2026-08-03 02:26:06,185 log 9236 12412 "POST /admin/movies/movie/4988/change/ HTTP/1.1" 302 0
INFO 2026-08-03 02:26:09,969 log 9236 12412 "GET /admin/movies/movie/ HTTP/1.1" 200 63312
INFO 2026-08-03 02:26:12,319 log 9236 12412 "GET /admin/jsi18n/ HTTP/1.1" 200 3342
INFO 2026-08-03 02:26:24,487 log 9236 12412 "GET /admin/movies/movie/4987/change/ HTTP/1.1" 200 17828
INFO 2026-08-03 02:26:26,880 log 9236 12412 "GET /admin/jsi18n/ HTTP/1.1" 200 3342
INFO 2026-08-03 02:27:07,204 log 9236 12412 "POST /admin/movies/movie/4987/change/ HTTP/1.1" 302 0
INFO 2026-08-03 02:27:10,898 log 9236 12412 "GET /admin/movies/movie/ HTTP/1.1" 200 63304
INFO 2026-08-03 02:27:13,242 log 9236 17344 "GET /admin/jsi18n/ HTTP/1.1" 200 3342
INFO 2026-08-03 02:27:29,159 log 9236 17344 "GET /admin/movies/movie/4986/change/ HTTP/1.1" 200 17860
INFO 2026-08-03 02:27:31,505 log 9236 17344 "GET /admin/jsi18n/ HTTP/1.1" 200 3342
INFO 2026-08-03 02:28:17,486 log 9236 17344 "POST /admin/movies/movie/4986/change/ HTTP/1.1" 302 0
INFO 2026-08-03 02:28:21,242 log 9236 17344 "GET /admin/movies/movie/ HTTP/1.1" 200 63297
INFO 2026-08-03 02:28:23,622 log 9236 17344 "GET /admin/jsi18n/ HTTP/1.1" 200 3342
INFO 2026-08-03 02:28:36,648 log 9236 17344 "GET /admin/movies/movie/4985/change/ HTTP/1.1" 200 17861
INFO 2026-08-03 02:28:39,020 log 9236 17344 "GET /admin/jsi18n/ HTTP/1.1" 200 3342
INFO 2026-08-03 02:30:30,820 log 9236 17344 "POST /admin/movies/movie/4985/change/ HTTP/1.1" 302 0
INFO 2026-08-03 02:30:34,447 log 9236 17344 "GET /admin/movies/movie/ HTTP/1.1" 200 63285
INFO 2026-08-03 02:30:34,467 log 9236 12412 "GET /static/admin/css/dark_mode.css HTTP/1.1" 304 0
INFO 2026-08-03 02:30:34,468 log 9236 17344 "GET /static/admin/css/base.css HTTP/1.1" 304 0
INFO 2026-08-03 02:30:34,470 log 9236 14208 "GET /static/admin/js/theme.js HTTP/1.1" 304 0
INFO 2026-08-03 02:30:34,474 log 9236 12412 "GET /static/admin/js/vendor/jquery/jquery.js HTTP/1.1" 304 0
INFO 2026-08-03 02:30:34,475 log 9236 17344 "GET /static/admin/js/jquery.init.js HTTP/1.1" 304 0
INFO 2026-08-03 02:30:34,475 log 9236 18204 "GET /static/admin/css/nav_sidebar.css HTTP/1.1" 304 0
INFO 2026-08-03 02:30:34,481 log 9236 12412 "GET /static/admin/css/responsive.css HTTP/1.1" 304 0
INFO 2026-08-03 02:30:34,487 log 9236 13956 "GET /static/admin/css/changelists.css HTTP/1.1" 304 0
INFO 2026-08-03 02:30:34,488 log 9236 14208 "GET /static/admin/js/core.js HTTP/1.1" 304 0
INFO 2026-08-03 02:30:34,490 log 9236 17344 "GET /static/admin/js/admin/RelatedObjectLookups.js HTTP/1.1" 304 0
INFO 2026-08-03 02:30:34,493 log 9236 18204 "GET /static/admin/js/actions.js HTTP/1.1" 304 0
INFO 2026-08-03 02:30:34,494 log 9236 13956 "GET /static/admin/js/prepopulate.js HTTP/1.1" 304 0
INFO 2026-08-03 02:30:34,494 log 9236 14208 "GET /static/admin/js/vendor/xregexp/xregexp.js HTTP/1.1" 304 0
INFO 2026-08-03 02:30:34,494 log 9236 12412 "GET /static/admin/js/urlify.js HTTP/1.1" 304 0
INFO 2026-08-03 02:30:34,498 log 9236 14208 "GET /static/admin/js/nav_sidebar.js HTTP/1.1" 304 0
INFO 2026-08-03 02:30:34,503 log 9236 14208 "GET /static/admin/js/filters.js HTTP/1.1" 304 0
INFO 2026-08-03 02:30:36,787 log 9236 17540 "GET /admin/jsi18n/ HTTP/1.1" 200 3342
INFO 2026-08-03 02:30:36,803 log 9236 17540 "GET /static/admin/img/icon-yes-dark.svg HTTP/1.1" 304 0
INFO 2026-08-03 02:30:49,849 log 9236 17540 "GET /admin/movies/movie/4984/change/ HTTP/1.1" 200 17834
INFO 2026-08-03 02:30:49,870 log 9236 18204 "GET /static/admin/js/prepopulate_init.js HTTP/1.1" 304 0
INFO 2026-08-03 02:30:49,870 log 9236 13956 "GET /static/admin/js/SelectFilter2.js HTTP/1.1" 304 0
INFO 2026-08-03 02:30:49,871 log 9236 17540 "GET /static/admin/css/forms.css HTTP/1.1" 304 0
INFO 2026-08-03 02:30:49,870 log 9236 12412 "GET /static/admin/js/SelectBox.js HTTP/1.1" 304 0
INFO 2026-08-03 02:30:49,876 log 9236 17540 "GET /static/admin/css/widgets.css HTTP/1.1" 304 0
INFO 2026-08-03 02:30:49,880 log 9236 17540 "GET /static/admin/img/icon-addlink.svg HTTP/1.1" 304 0
INFO 2026-08-03 02:30:49,885 log 9236 17540 "GET /static/admin/js/change_form.js HTTP/1.1" 304 0
INFO 2026-08-03 02:30:52,238 log 9236 14208 "GET /admin/jsi18n/ HTTP/1.1" 200 3342
INFO 2026-08-03 02:30:52,273 log 9236 17540 "GET /static/admin/img/selector-icons.svg HTTP/1.1" 304 0
INFO 2026-08-03 02:30:52,274 log 9236 14208 "GET /static/admin/img/search.svg HTTP/1.1" 304 0
INFO 2026-08-03 02:31:30,555 log 9236 14208 "POST /admin/movies/movie/4984/change/ HTTP/1.1" 302 0
INFO 2026-08-03 02:31:34,169 log 9236 5272 "GET /admin/movies/movie/ HTTP/1.1" 200 63275
INFO 2026-08-03 02:31:36,519 log 9236 5272 "GET /admin/jsi18n/ HTTP/1.1" 200 3342
INFO 2026-08-03 02:31:46,633 log 9236 5272 "GET /admin/movies/movie/4983/change/ HTTP/1.1" 200 17875
INFO 2026-08-03 02:31:48,956 log 9236 5272 "GET /admin/jsi18n/ HTTP/1.1" 200 3342
INFO 2026-08-03 02:32:29,965 log 9236 5272 "POST /admin/movies/movie/4983/change/ HTTP/1.1" 302 0
INFO 2026-08-03 02:32:33,624 log 9236 5272 "GET /admin/movies/movie/ HTTP/1.1" 200 63267
INFO 2026-08-03 02:32:36,000 log 9236 5272 "GET /admin/jsi18n/ HTTP/1.1" 200 3342
INFO 2026-08-03 02:32:47,266 log 9236 5272 "GET /admin/movies/movie/4982/change/ HTTP/1.1" 200 17884
INFO 2026-08-03 02:32:49,615 log 9236 5272 "GET /admin/jsi18n/ HTTP/1.1" 200 3342
INFO 2026-08-03 02:34:18,310 log 9236 5272 "POST /admin/movies/movie/4982/change/ HTTP/1.1" 302 0
INFO 2026-08-03 02:34:21,926 log 9236 5272 "GET /admin/movies/movie/ HTTP/1.1" 200 63261
INFO 2026-08-03 02:34:24,287 log 9236 5272 "GET /admin/jsi18n/ HTTP/1.1" 200 3342
INFO 2026-08-03 02:34:34,161 log 9236 5272 "GET /admin/movies/movie/4981/change/ HTTP/1.1" 200 17845
INFO 2026-08-03 02:34:36,430 log 9236 5272 "GET /admin/jsi18n/ HTTP/1.1" 200 3342
INFO 2026-08-03 02:35:12,242 log 9236 5272 "POST /admin/movies/movie/4981/change/ HTTP/1.1" 302 0
INFO 2026-08-03 02:35:16,124 log 9236 5272 "GET /admin/movies/movie/ HTTP/1.1" 200 63247
INFO 2026-08-03 02:35:18,618 log 9236 5272 "GET /admin/jsi18n/ HTTP/1.1" 200 3342
INFO 2026-08-03 02:35:37,044 log 9236 5272 "GET /admin/movies/movie/4980/change/ HTTP/1.1" 200 17898
INFO 2026-08-03 02:35:39,512 log 9236 5272 "GET /admin/jsi18n/ HTTP/1.1" 200 3342
INFO 2026-08-03 02:36:34,445 log 9236 5272 "POST /admin/movies/movie/4980/change/ HTTP/1.1" 302 0
INFO 2026-08-03 02:36:38,060 log 9236 5272 "GET /admin/movies/movie/ HTTP/1.1" 200 63236
INFO 2026-08-03 02:36:40,450 log 9236 5272 "GET /admin/jsi18n/ HTTP/1.1" 200 3342
INFO 2026-08-03 02:36:49,841 log 9236 5272 "GET /admin/movies/movie/4979/change/ HTTP/1.1" 200 17816
INFO 2026-08-03 02:36:52,157 log 9236 5272 "GET /admin/jsi18n/ HTTP/1.1" 200 3342
INFO 2026-08-03 02:37:50,568 log 9236 5272 "POST /admin/movies/movie/4979/change/ HTTP/1.1" 302 0
INFO 2026-08-03 02:37:54,660 log 9236 5272 "GET /admin/movies/movie/ HTTP/1.1" 200 63226
INFO 2026-08-03 02:37:57,112 log 9236 5272 "GET /admin/jsi18n/ HTTP/1.1" 200 3342
INFO 2026-08-03 02:38:07,024 log 9236 5272 "GET /admin/movies/movie/4978/change/ HTTP/1.1" 200 17840
INFO 2026-08-03 02:38:09,369 log 9236 5272 "GET /admin/jsi18n/ HTTP/1.1" 200 3342
INFO 2026-08-03 02:38:46,878 log 9236 5272 "POST /admin/movies/movie/4978/change/ HTTP/1.1" 302 0
INFO 2026-08-03 02:38:50,612 log 9236 5272 "GET /admin/movies/movie/ HTTP/1.1" 200 63218
INFO 2026-08-03 02:38:52,933 log 9236 5272 "GET /admin/jsi18n/ HTTP/1.1" 200 3342
INFO 2026-08-03 02:39:17,247 log 9236 5272 "GET /admin/movies/movie/4977/change/ HTTP/1.1" 200 17871
INFO 2026-08-03 02:39:19,647 log 9236 5272 "GET /admin/jsi18n/ HTTP/1.1" 200 3342
INFO 2026-08-03 02:40:02,278 log 9236 5272 "POST /admin/movies/movie/4977/change/ HTTP/1.1" 302 0
INFO 2026-08-03 02:40:06,075 log 9236 5272 "GET /admin/movies/movie/ HTTP/1.1" 200 63207
INFO 2026-08-03 02:40:06,090 log 9236 18428 "GET /static/admin/css/dark_mode.css HTTP/1.1" 304 0
INFO 2026-08-03 02:40:06,092 log 9236 5272 "GET /static/admin/css/base.css HTTP/1.1" 304 0
INFO 2026-08-03 02:40:06,101 log 9236 19076 "GET /static/admin/css/nav_sidebar.css HTTP/1.1" 304 0
INFO 2026-08-03 02:40:06,102 log 9236 5272 "GET /static/admin/js/jquery.init.js HTTP/1.1" 304 0
INFO 2026-08-03 02:40:06,102 log 9236 18768 "GET /static/admin/js/theme.js HTTP/1.1" 304 0
INFO 2026-08-03 02:40:06,108 log 9236 17344 "GET /static/admin/js/vendor/jquery/jquery.js HTTP/1.1" 304 0
INFO 2026-08-03 02:40:06,108 log 9236 9908 "GET /static/admin/css/changelists.css HTTP/1.1" 304 0
INFO 2026-08-03 02:40:06,112 log 9236 19076 "GET /static/admin/js/core.js HTTP/1.1" 304 0
INFO 2026-08-03 02:40:06,115 log 9236 18768 "GET /static/admin/css/responsive.css HTTP/1.1" 304 0
INFO 2026-08-03 02:40:06,115 log 9236 5272 "GET /static/admin/js/admin/RelatedObjectLookups.js HTTP/1.1" 304 0
INFO 2026-08-03 02:40:06,117 log 9236 17344 "GET /static/admin/js/actions.js HTTP/1.1" 304 0
INFO 2026-08-03 02:40:06,120 log 9236 19076 "GET /static/admin/js/prepopulate.js HTTP/1.1" 304 0
INFO 2026-08-03 02:40:06,120 log 9236 9908 "GET /static/admin/js/urlify.js HTTP/1.1" 304 0
INFO 2026-08-03 02:40:06,122 log 9236 18768 "GET /static/admin/js/vendor/xregexp/xregexp.js HTTP/1.1" 304 0
INFO 2026-08-03 02:40:06,125 log 9236 18768 "GET /static/admin/js/nav_sidebar.js HTTP/1.1" 304 0
INFO 2026-08-03 02:40:06,129 log 9236 18768 "GET /static/admin/js/filters.js HTTP/1.1" 304 0
INFO 2026-08-03 02:40:08,405 log 9236 18428 "GET /admin/jsi18n/ HTTP/1.1" 200 3342
INFO 2026-08-03 02:40:08,417 log 9236 18428 "GET /static/admin/img/icon-yes-dark.svg HTTP/1.1" 304 0
INFO 2026-08-03 02:40:27,060 log 9236 18428 "GET /admin/movies/movie/4976/change/ HTTP/1.1" 200 17885
INFO 2026-08-03 02:40:27,085 log 9236 19076 "GET /static/admin/js/SelectFilter2.js HTTP/1.1" 304 0
INFO 2026-08-03 02:40:27,085 log 9236 17344 "GET /static/admin/js/prepopulate_init.js HTTP/1.1" 304 0
INFO 2026-08-03 02:40:27,086 log 9236 18428 "GET /static/admin/css/forms.css HTTP/1.1" 304 0
INFO 2026-08-03 02:40:27,085 log 9236 9908 "GET /static/admin/js/SelectBox.js HTTP/1.1" 304 0
INFO 2026-08-03 02:40:27,090 log 9236 18428 "GET /static/admin/css/widgets.css HTTP/1.1" 304 0
INFO 2026-08-03 02:40:27,096 log 9236 18428 "GET /static/admin/img/icon-addlink.svg HTTP/1.1" 304 0
INFO 2026-08-03 02:40:27,099 log 9236 18428 "GET /static/admin/js/change_form.js HTTP/1.1" 304 0
INFO 2026-08-03 02:40:29,396 log 9236 18768 "GET /admin/jsi18n/ HTTP/1.1" 200 3342
INFO 2026-08-03 02:40:29,431 log 9236 18768 "GET /static/admin/img/search.svg HTTP/1.1" 304 0
INFO 2026-08-03 02:40:29,431 log 9236 18428 "GET /static/admin/img/selector-icons.svg HTTP/1.1" 304 0
INFO 2026-08-03 02:41:27,219 log 9236 18428 "POST /admin/movies/movie/4976/change/ HTTP/1.1" 302 0
INFO 2026-08-03 02:41:30,794 log 9236 18428 "GET /admin/movies/movie/ HTTP/1.1" 200 63197
INFO 2026-08-03 02:41:33,181 log 9236 18428 "GET /admin/jsi18n/ HTTP/1.1" 200 3342
INFO 2026-08-03 02:41:47,183 log 9236 18428 "GET /admin/movies/movie/4975/change/ HTTP/1.1" 200 17855
INFO 2026-08-03 02:41:49,534 log 9236 18428 "GET /admin/jsi18n/ HTTP/1.1" 200 3342
INFO 2026-08-03 02:45:09,276 log 9236 18428 "POST /admin/movies/movie/4975/change/ HTTP/1.1" 302 0
INFO 2026-08-03 02:45:13,054 log 9236 18428 "GET /admin/movies/movie/ HTTP/1.1" 200 63437
INFO 2026-08-03 02:45:15,393 log 9236 18428 "GET /admin/jsi18n/ HTTP/1.1" 200 3342
INFO 2026-08-03 02:45:54,596 log 9236 18428 "GET /admin/movies/movie/4974/change/ HTTP/1.1" 200 17892
INFO 2026-08-03 02:45:56,976 log 9236 18428 "GET /admin/jsi18n/ HTTP/1.1" 200 3342
INFO 2026-08-03 02:46:50,727 log 9236 18428 "POST /admin/movies/movie/4974/change/ HTTP/1.1" 302 0
INFO 2026-08-03 02:46:54,512 log 9236 18428 "GET /admin/movies/movie/ HTTP/1.1" 200 63429
INFO 2026-08-03 02:46:56,903 log 9236 18428 "GET /admin/jsi18n/ HTTP/1.1" 200 3342
INFO 2026-08-03 02:47:09,336 log 9236 18428 "GET /admin/movies/movie/4973/change/ HTTP/1.1" 200 17859
INFO 2026-08-03 02:47:11,711 log 9236 18428 "GET /admin/jsi18n/ HTTP/1.1" 200 3342
INFO 2026-08-03 02:47:50,366 log 9236 18428 "POST /admin/movies/movie/4973/change/ HTTP/1.1" 302 0
INFO 2026-08-03 02:47:54,099 log 9236 18428 "GET /admin/movies/movie/ HTTP/1.1" 200 63416
INFO 2026-08-03 02:47:56,471 log 9236 18428 "GET /admin/jsi18n/ HTTP/1.1" 200 3342
INFO 2026-08-03 02:48:08,323 log 9236 18428 "GET /admin/movies/movie/4972/change/ HTTP/1.1" 200 17858
INFO 2026-08-03 02:48:10,673 log 9236 18428 "GET /admin/jsi18n/ HTTP/1.1" 200 3342
INFO 2026-08-03 02:48:46,456 log 9236 18428 "POST /admin/movies/movie/4972/change/ HTTP/1.1" 302 0
INFO 2026-08-03 02:48:50,374 log 9236 18428 "GET /admin/movies/movie/ HTTP/1.1" 200 63403
INFO 2026-08-03 02:48:52,677 log 9236 18428 "GET /admin/jsi18n/ HTTP/1.1" 200 3342
INFO 2026-08-03 02:49:10,270 log 9236 18428 "GET /admin/movies/movie/4971/change/ HTTP/1.1" 200 17841
INFO 2026-08-03 02:49:12,697 log 9236 18428 "GET /admin/jsi18n/ HTTP/1.1" 200 3342
INFO 2026-08-03 02:49:55,398 log 9236 18428 "POST /admin/movies/movie/4971/change/ HTTP/1.1" 302 0
INFO 2026-08-03 02:49:59,017 log 9236 18428 "GET /admin/movies/movie/ HTTP/1.1" 200 63398
INFO 2026-08-03 02:50:01,285 log 9236 18428 "GET /admin/jsi18n/ HTTP/1.1" 200 3342
INFO 2026-08-03 02:50:23,079 log 9236 18428 "GET /admin/movies/movie/4970/change/ HTTP/1.1" 200 17824
INFO 2026-08-03 02:50:23,095 log 9236 16168 "GET /static/admin/css/dark_mode.css HTTP/1.1" 304 0
INFO 2026-08-03 02:50:23,097 log 9236 18428 "GET /static/admin/css/base.css HTTP/1.1" 304 0
INFO 2026-08-03 02:50:23,105 log 9236 16168 "GET /static/admin/js/jquery.init.js HTTP/1.1" 304 0
INFO 2026-08-03 02:50:23,112 log 9236 6996 "GET /static/admin/css/nav_sidebar.css HTTP/1.1" 304 0
INFO 2026-08-03 02:50:23,115 log 9236 16168 "GET /static/admin/css/responsive.css HTTP/1.1" 304 0
INFO 2026-08-03 02:50:23,115 log 9236 13956 "GET /static/admin/js/theme.js HTTP/1.1" 304 0
INFO 2026-08-03 02:50:23,113 log 9236 18428 "GET /static/admin/js/core.js HTTP/1.1" 304 0
INFO 2026-08-03 02:50:23,120 log 9236 6996 "GET /static/admin/js/admin/RelatedObjectLookups.js HTTP/1.1" 304 0
INFO 2026-08-03 02:50:23,124 log 9236 16168 "GET /static/admin/js/urlify.js HTTP/1.1" 304 0
INFO 2026-08-03 02:50:23,126 log 9236 13956 "GET /static/admin/js/prepopulate.js HTTP/1.1" 304 0
INFO 2026-08-03 02:50:23,129 log 9236 18428 "GET /static/admin/js/actions.js HTTP/1.1" 304 0
INFO 2026-08-03 02:50:23,129 log 9236 7124 "GET /static/admin/js/vendor/jquery/jquery.js HTTP/1.1" 304 0
INFO 2026-08-03 02:50:23,130 log 9236 6996 "GET /static/admin/js/vendor/xregexp/xregexp.js HTTP/1.1" 304 0
INFO 2026-08-03 02:50:23,132 log 9236 6996 "GET /static/admin/js/nav_sidebar.js HTTP/1.1" 304 0
INFO 2026-08-03 02:50:25,398 log 9236 2232 "GET /admin/jsi18n/ HTTP/1.1" 200 3342
INFO 2026-08-03 02:51:30,463 log 9236 2232 "POST /admin/movies/movie/4970/change/ HTTP/1.1" 302 0
INFO 2026-08-03 02:51:34,256 log 9236 2232 "GET /admin/movies/movie/ HTTP/1.1" 200 63388
INFO 2026-08-03 02:51:34,274 log 9236 2232 "GET /static/admin/css/changelists.css HTTP/1.1" 304 0
INFO 2026-08-03 02:51:34,277 log 9236 2232 "GET /static/admin/js/filters.js HTTP/1.1" 304 0
INFO 2026-08-03 02:51:36,583 log 9236 6996 "GET /admin/jsi18n/ HTTP/1.1" 200 3342
INFO 2026-08-03 02:51:36,594 log 9236 6996 "GET /static/admin/img/icon-yes-dark.svg HTTP/1.1" 304 0
INFO 2026-08-03 02:51:49,981 log 9236 6996 "GET /admin/movies/movie/4969/change/ HTTP/1.1" 200 17847
INFO 2026-08-03 02:51:49,997 log 9236 13956 "GET /static/admin/js/prepopulate_init.js HTTP/1.1" 304 0
INFO 2026-08-03 02:51:49,997 log 9236 18428 "GET /static/admin/js/SelectFilter2.js HTTP/1.1" 304 0
INFO 2026-08-03 02:51:49,998 log 9236 7124 "GET /static/admin/js/SelectBox.js HTTP/1.1" 304 0
INFO 2026-08-03 02:51:49,998 log 9236 6996 "GET /static/admin/css/forms.css HTTP/1.1" 304 0
INFO 2026-08-03 02:51:50,008 log 9236 7124 "GET /static/admin/css/widgets.css HTTP/1.1" 304 0
INFO 2026-08-03 02:51:50,008 log 9236 6996 "GET /static/admin/img/icon-addlink.svg HTTP/1.1" 304 0
INFO 2026-08-03 02:51:50,012 log 9236 6996 "GET /static/admin/js/change_form.js HTTP/1.1" 304 0
INFO 2026-08-03 02:51:52,424 log 9236 2232 "GET /admin/jsi18n/ HTTP/1.1" 200 3342
INFO 2026-08-03 02:51:52,459 log 9236 6996 "GET /static/admin/img/selector-icons.svg HTTP/1.1" 304 0
INFO 2026-08-03 02:51:52,460 log 9236 2232 "GET /static/admin/img/search.svg HTTP/1.1" 304 0
INFO 2026-08-03 02:52:50,782 log 9236 6996 "POST /admin/movies/movie/4969/change/ HTTP/1.1" 302 0
INFO 2026-08-03 02:52:54,415 log 9236 6996 "GET /admin/movies/movie/ HTTP/1.1" 200 63377
INFO 2026-08-03 02:52:56,739 log 9236 2232 "GET /admin/jsi18n/ HTTP/1.1" 200 3342
INFO 2026-08-03 02:53:11,509 log 9236 2232 "GET /admin/movies/movie/4968/change/ HTTP/1.1" 200 17885
INFO 2026-08-03 02:53:13,818 log 9236 2232 "GET /admin/jsi18n/ HTTP/1.1" 200 3342
INFO 2026-08-03 02:54:03,910 log 9236 2232 "POST /admin/movies/movie/4968/change/ HTTP/1.1" 302 0
INFO 2026-08-03 02:54:07,608 log 9236 2232 "GET /admin/movies/movie/ HTTP/1.1" 200 63368
INFO 2026-08-03 02:54:10,020 log 9236 2232 "GET /admin/jsi18n/ HTTP/1.1" 200 3342
INFO 2026-08-03 02:54:20,754 log 9236 2232 "GET /admin/movies/movie/4967/change/ HTTP/1.1" 200 17870
INFO 2026-08-03 02:54:23,238 log 9236 2232 "GET /admin/jsi18n/ HTTP/1.1" 200 3342
INFO 2026-08-03 02:55:08,687 log 9236 2232 "POST /admin/movies/movie/4967/change/ HTTP/1.1" 302 0
INFO 2026-08-03 02:55:12,379 log 9236 2232 "GET /admin/movies/movie/ HTTP/1.1" 200 63358
INFO 2026-08-03 02:55:14,754 log 9236 2232 "GET /admin/jsi18n/ HTTP/1.1" 200 3342
INFO 2026-08-03 02:55:28,006 log 9236 2232 "GET /admin/movies/movie/4966/change/ HTTP/1.1" 200 17871
INFO 2026-08-03 02:55:30,455 log 9236 2232 "GET /admin/jsi18n/ HTTP/1.1" 200 3342
INFO 2026-08-03 02:56:06,452 log 9236 2232 "POST /admin/movies/movie/4966/change/ HTTP/1.1" 302 0
INFO 2026-08-03 02:56:10,497 log 9236 2232 "GET /admin/movies/movie/ HTTP/1.1" 200 63344
INFO 2026-08-03 02:56:12,988 log 9236 2232 "GET /admin/jsi18n/ HTTP/1.1" 200 3342
INFO 2026-08-03 02:56:32,791 log 9236 2232 "GET /admin/movies/movie/4965/change/ HTTP/1.1" 200 17890
INFO 2026-08-03 02:56:35,155 log 9236 2232 "GET /admin/jsi18n/ HTTP/1.1" 200 3342
INFO 2026-08-03 02:57:30,294 log 9236 2232 "POST /admin/movies/movie/4965/change/ HTTP/1.1" 302 0
INFO 2026-08-03 02:57:33,823 log 9236 2232 "GET /admin/movies/movie/ HTTP/1.1" 200 63337
INFO 2026-08-03 02:57:36,271 log 9236 2232 "GET /admin/jsi18n/ HTTP/1.1" 200 3342
INFO 2026-08-03 02:57:51,071 log 9236 2232 "GET /admin/movies/movie/4964/change/ HTTP/1.1" 200 17884
INFO 2026-08-03 02:57:53,515 log 9236 2232 "GET /admin/jsi18n/ HTTP/1.1" 200 3342
INFO 2026-08-03 02:58:30,912 log 9236 2232 "POST /admin/movies/movie/4964/change/ HTTP/1.1" 302 0
INFO 2026-08-03 02:58:34,496 log 9236 2232 "GET /admin/movies/movie/ HTTP/1.1" 200 63329
INFO 2026-08-03 02:58:36,952 log 9236 2232 "GET /admin/jsi18n/ HTTP/1.1" 200 3342
INFO 2026-08-03 02:58:51,869 log 9236 2232 "GET /admin/movies/movie/4960/change/ HTTP/1.1" 200 17842
INFO 2026-08-03 02:58:54,383 log 9236 2232 "GET /admin/jsi18n/ HTTP/1.1" 200 3342
INFO 2026-08-03 02:59:44,882 log 9236 2232 "POST /admin/movies/movie/4960/change/ HTTP/1.1" 302 0
INFO 2026-08-03 02:59:48,517 log 9236 2232 "GET /admin/movies/movie/ HTTP/1.1" 200 63315
INFO 2026-08-03 02:59:50,801 log 9236 2232 "GET /admin/jsi18n/ HTTP/1.1" 200 3342
INFO 2026-08-03 03:00:05,189 log 9236 2232 "GET /admin/movies/movie/4963/change/ HTTP/1.1" 200 17834
INFO 2026-08-03 03:00:07,622 log 9236 2232 "GET /admin/jsi18n/ HTTP/1.1" 200 3342
INFO 2026-08-03 03:00:50,082 log 9236 2232 "POST /admin/movies/movie/4963/change/ HTTP/1.1" 302 0
INFO 2026-08-03 03:00:54,084 log 9236 2232 "GET /admin/movies/movie/ HTTP/1.1" 200 63304
INFO 2026-08-03 03:00:56,399 log 9236 2232 "GET /admin/jsi18n/ HTTP/1.1" 200 3342
INFO 2026-08-03 03:01:07,044 log 9236 2232 "GET /admin/movies/movie/4962/change/ HTTP/1.1" 200 17881
INFO 2026-08-03 03:01:09,390 log 9236 2232 "GET /admin/jsi18n/ HTTP/1.1" 200 3342
INFO 2026-08-03 03:04:19,202 log 9236 14656 "POST /admin/movies/movie/4962/change/ HTTP/1.1" 302 0
INFO 2026-08-03 03:04:22,788 log 9236 14656 "GET /admin/movies/movie/ HTTP/1.1" 200 64200
INFO 2026-08-03 03:04:22,807 log 9236 8388 "GET /static/admin/css/dark_mode.css HTTP/1.1" 304 0
INFO 2026-08-03 03:04:22,812 log 9236 14656 "GET /static/admin/css/base.css HTTP/1.1" 304 0
INFO 2026-08-03 03:04:22,816 log 9236 8388 "GET /static/admin/js/jquery.init.js HTTP/1.1" 304 0
INFO 2026-08-03 03:04:22,822 log 9236 14656 "GET /static/admin/js/vendor/jquery/jquery.js HTTP/1.1" 304 0
INFO 2026-08-03 03:04:22,822 log 9236 14220 "GET /static/admin/css/nav_sidebar.css HTTP/1.1" 304 0
INFO 2026-08-03 03:04:22,823 log 9236 8388 "GET /static/admin/css/responsive.css HTTP/1.1" 304 0
INFO 2026-08-03 03:04:22,826 log 9236 10124 "GET /static/admin/css/changelists.css HTTP/1.1" 304 0
INFO 2026-08-03 03:04:22,831 log 9236 14656 "GET /static/admin/js/admin/RelatedObjectLookups.js HTTP/1.1" 304 0
INFO 2026-08-03 03:04:22,838 log 9236 6060 "GET /static/admin/js/theme.js HTTP/1.1" 304 0
INFO 2026-08-03 03:04:22,844 log 9236 10124 "GET /static/admin/js/urlify.js HTTP/1.1" 304 0
INFO 2026-08-03 03:04:22,845 log 9236 8388 "GET /static/admin/js/actions.js HTTP/1.1" 304 0
INFO 2026-08-03 03:04:22,845 log 9236 14220 "GET /static/admin/js/core.js HTTP/1.1" 304 0
INFO 2026-08-03 03:04:22,849 log 9236 14656 "GET /static/admin/js/prepopulate.js HTTP/1.1" 304 0
INFO 2026-08-03 03:04:22,849 log 9236 6060 "GET /static/admin/js/vendor/xregexp/xregexp.js HTTP/1.1" 304 0
INFO 2026-08-03 03:04:22,853 log 9236 6060 "GET /static/admin/js/nav_sidebar.js HTTP/1.1" 304 0
INFO 2026-08-03 03:04:22,856 log 9236 6060 "GET /static/admin/js/filters.js HTTP/1.1" 304 0
INFO 2026-08-03 03:04:25,080 log 9236 6004 "GET /admin/jsi18n/ HTTP/1.1" 200 3342
INFO 2026-08-03 03:04:25,115 log 9236 6004 "GET /static/admin/img/icon-yes-dark.svg HTTP/1.1" 304 0
INFO 2026-08-03 03:04:41,465 log 9236 6004 "GET /admin/movies/movie/4962/change/ HTTP/1.1" 200 18728
INFO 2026-08-03 03:04:41,493 log 9236 14656 "GET /static/admin/js/SelectBox.js HTTP/1.1" 304 0
INFO 2026-08-03 03:04:41,494 log 9236 8388 "GET /static/admin/js/prepopulate_init.js HTTP/1.1" 304 0
INFO 2026-08-03 03:04:41,495 log 9236 6004 "GET /static/admin/css/forms.css HTTP/1.1" 304 0
INFO 2026-08-03 03:04:41,494 log 9236 14220 "GET /static/admin/js/SelectFilter2.js HTTP/1.1" 304 0
INFO 2026-08-03 03:04:41,504 log 9236 6004 "GET /static/admin/img/icon-addlink.svg HTTP/1.1" 304 0
INFO 2026-08-03 03:04:41,504 log 9236 14220 "GET /static/admin/css/widgets.css HTTP/1.1" 304 0
INFO 2026-08-03 03:04:41,511 log 9236 14220 "GET /static/admin/js/change_form.js HTTP/1.1" 304 0
INFO 2026-08-03 03:04:43,754 log 9236 6060 "GET /admin/jsi18n/ HTTP/1.1" 200 3342
INFO 2026-08-03 03:04:43,791 log 9236 6060 "GET /static/admin/img/search.svg HTTP/1.1" 304 0
INFO 2026-08-03 03:04:43,792 log 9236 14220 "GET /static/admin/img/selector-icons.svg HTTP/1.1" 304 0
INFO 2026-08-03 03:05:34,720 log 9236 14220 "POST /admin/movies/movie/4962/change/ HTTP/1.1" 302 0
INFO 2026-08-03 03:05:38,599 log 9236 14220 "GET /admin/movies/movie/ HTTP/1.1" 200 64200
INFO 2026-08-03 03:05:41,002 log 9236 14220 "GET /admin/jsi18n/ HTTP/1.1" 200 3342
INFO 2026-08-03 03:06:01,770 log 9236 14220 "GET /admin/movies/movie/4961/change/ HTTP/1.1" 200 17842
INFO 2026-08-03 03:06:04,090 log 9236 14220 "GET /admin/jsi18n/ HTTP/1.1" 200 3342
INFO 2026-08-03 03:07:27,889 log 9236 14220 "POST /admin/movies/movie/4961/change/ HTTP/1.1" 302 0
INFO 2026-08-03 03:07:31,536 log 9236 14220 "GET /admin/movies/movie/ HTTP/1.1" 200 64193
INFO 2026-08-03 03:07:33,871 log 9236 14220 "GET /admin/jsi18n/ HTTP/1.1" 200 3342
INFO 2026-08-03 03:07:50,257 log 9236 14220 "GET /admin/movies/movie/4959/change/ HTTP/1.1" 200 17856
INFO 2026-08-03 03:07:52,637 log 9236 14220 "GET /admin/jsi18n/ HTTP/1.1" 200 3342
INFO 2026-08-03 03:08:31,081 basehttp 9236 14220 - Broken pipe from ('127.0.0.1', 49850)
INFO 2026-08-03 03:08:32,477 log 9236 6060 "POST /admin/movies/movie/4959/change/ HTTP/1.1" 302 0
INFO 2026-08-03 03:08:36,084 log 9236 6060 "GET /admin/movies/movie/ HTTP/1.1" 200 64183
INFO 2026-08-03 03:08:38,415 log 9236 6060 "GET /admin/jsi18n/ HTTP/1.1" 200 3342
INFO 2026-08-03 03:08:56,919 log 9236 6060 "GET /admin/movies/movie/4958/change/ HTTP/1.1" 200 17869
INFO 2026-08-03 03:08:59,451 log 9236 6060 "GET /admin/jsi18n/ HTTP/1.1" 200 3342
INFO 2026-08-03 03:11:41,014 log 9236 6060 "POST /admin/movies/movie/4958/change/ HTTP/1.1" 302 0
INFO 2026-08-03 03:11:44,639 log 9236 6060 "GET /admin/movies/movie/ HTTP/1.1" 200 64645
INFO 2026-08-03 03:11:47,118 log 9236 6060 "GET /admin/jsi18n/ HTTP/1.1" 200 3342
INFO 2026-08-03 03:12:30,802 log 9236 6060 "GET /admin/movies/movie/4957/change/ HTTP/1.1" 200 17836
INFO 2026-08-03 03:12:34,616 log 9236 6060 "GET /admin/jsi18n/ HTTP/1.1" 200 3342
INFO 2026-08-03 03:13:45,481 log 9236 6060 "GET /admin/movies/movie/ HTTP/1.1" 200 64439
INFO 2026-08-03 03:13:53,360 log 9236 6060 "GET /admin/movies/movie/ HTTP/1.1" 200 64439
INFO 2026-08-03 03:13:56,802 log 9236 17856 "GET /admin/jsi18n/ HTTP/1.1" 200 3342
INFO 2026-08-03 03:14:03,594 log 9236 17856 "POST /admin/logout/ HTTP/1.1" 200 3475
INFO 2026-08-03 03:14:09,623 log 9236 17856 "GET /admin/ HTTP/1.1" 302 0
INFO 2026-08-03 03:14:09,668 log 9236 17856 "GET /admin/login/?next=/admin/ HTTP/1.1" 200 4080
INFO 2026-08-03 03:14:09,682 log 9236 17856 "GET /static/admin/css/login.css HTTP/1.1" 200 951
INFO 2026-08-03 03:14:37,434 log 9236 17856 "GET /movies/ HTTP/1.1" 200 140801
INFO 2026-08-03 03:15:23,046 log 9236 17856 "GET /movies/?page=2& HTTP/1.1" 200 141336
INFO 2026-08-03 03:15:23,073 log 9236 6060 "GET /media/movies/jo_jeeta_wohi_sikandar__1992_.jpg HTTP/1.1" 200 108167
INFO 2026-08-03 03:15:23,074 log 9236 17856 "GET /media/movies/mirch_masala__1987_.jpg HTTP/1.1" 200 27309
INFO 2026-08-03 03:15:23,083 log 9236 17440 "GET /media/movies/fierce_labyrinth_187.png HTTP/1.1" 200 11747
INFO 2026-08-03 03:15:23,083 log 9236 18644 "GET /media/movies/lost_vengeance_205.png HTTP/1.1" 200 13016
INFO 2026-08-03 03:15:23,084 log 9236 1392 "GET /media/movies/golden_glory_227.png HTTP/1.1" 200 11016
INFO 2026-08-03 11:31:53,362 autoreload 6508 18348 Watching for file changes with StatReloader
INFO 2026-08-03 11:32:09,679 log 6508 10752 "GET / HTTP/1.1" 200 1359245
WARNING 2026-08-03 11:32:17,548 log 6508 10752 Not Found: /favicon.ico
WARNING 2026-08-03 11:32:17,549 log 6508 10752 "GET /favicon.ico HTTP/1.1" 404 5378
INFO 2026-08-03 11:32:35,727 log 6508 10752 "GET /login/ HTTP/1.1" 200 14824
INFO 2026-08-03 11:34:08,648 log 6508 15848 "GET / HTTP/1.1" 200 1359245
WARNING 2026-08-03 11:34:09,861 log 6508 15848 Not Found: /favicon.ico
WARNING 2026-08-03 11:34:09,862 log 6508 15848 "GET /favicon.ico HTTP/1.1" 404 5378
INFO 2026-08-03 11:34:58,096 log 6508 15848 "GET /login/ HTTP/1.1" 200 14824
INFO 2026-08-03 11:35:07,671 log 6508 15848 "POST /login/ HTTP/1.1" 302 0
INFO 2026-08-03 11:35:14,980 log 6508 15848 "GET / HTTP/1.1" 200 1359638
INFO 2026-08-03 11:36:21,111 log 6508 15848 "GET /movies/ HTTP/1.1" 200 141386
INFO 2026-08-03 11:37:34,420 log 6508 15848 "GET /admin/ HTTP/1.1" 200 13603
INFO 2026-08-03 11:37:34,473 log 6508 15848 "GET /static/admin/css/base.css HTTP/1.1" 304 0
INFO 2026-08-03 11:37:34,476 log 6508 12024 "GET /static/admin/js/theme.js HTTP/1.1" 304 0
INFO 2026-08-03 11:37:34,484 log 6508 5616 "GET /static/admin/css/dark_mode.css HTTP/1.1" 304 0
INFO 2026-08-03 11:37:34,488 log 6508 14560 "GET /static/admin/css/nav_sidebar.css HTTP/1.1" 304 0
INFO 2026-08-03 11:37:34,494 log 6508 11544 "GET /static/admin/css/dashboard.css HTTP/1.1" 304 0
INFO 2026-08-03 11:37:34,496 log 6508 12308 "GET /static/admin/css/responsive.css HTTP/1.1" 304 0
INFO 2026-08-03 11:37:34,506 log 6508 11544 "GET /static/admin/js/nav_sidebar.js HTTP/1.1" 304 0
INFO 2026-08-03 11:37:34,539 log 6508 12308 "GET /static/admin/img/icon-changelink.svg HTTP/1.1" 304 0
INFO 2026-08-03 11:37:34,541 log 6508 11544 "GET /static/admin/img/icon-addlink.svg HTTP/1.1" 304 0
INFO 2026-08-03 11:37:43,362 log 6508 11544 "GET /admin/movies/movie/ HTTP/1.1" 200 64439
INFO 2026-08-03 11:37:43,412 log 6508 12024 "GET /static/admin/js/vendor/jquery/jquery.js HTTP/1.1" 304 0
INFO 2026-08-03 11:37:43,423 log 6508 11544 "GET /static/admin/css/changelists.css HTTP/1.1" 304 0
INFO 2026-08-03 11:37:43,422 log 6508 5616 "GET /static/admin/js/core.js HTTP/1.1" 304 0
INFO 2026-08-03 11:37:43,424 log 6508 15848 "GET /static/admin/js/admin/RelatedObjectLookups.js HTTP/1.1" 304 0
INFO 2026-08-03 11:37:43,420 log 6508 14560 "GET /static/admin/js/jquery.init.js HTTP/1.1" 304 0
INFO 2026-08-03 11:37:43,439 log 6508 12024 "GET /static/admin/js/urlify.js HTTP/1.1" 304 0
INFO 2026-08-03 11:37:43,442 log 6508 14560 "GET /static/admin/js/vendor/xregexp/xregexp.js HTTP/1.1" 304 0
INFO 2026-08-03 11:37:43,443 log 6508 11544 "GET /static/admin/js/prepopulate.js HTTP/1.1" 304 0
INFO 2026-08-03 11:37:43,450 log 6508 5616 "GET /static/admin/js/actions.js HTTP/1.1" 304 0
INFO 2026-08-03 11:37:43,473 log 6508 5616 "GET /static/admin/js/filters.js HTTP/1.1" 304 0
INFO 2026-08-03 11:37:46,923 log 6508 12308 "GET /admin/jsi18n/ HTTP/1.1" 200 3342
INFO 2026-08-03 11:37:46,985 log 6508 12308 "GET /static/admin/img/tooltag-add.svg HTTP/1.1" 304 0
INFO 2026-08-03 11:37:59,743 log 6508 12308 "GET /admin/movies/movie/?p=51 HTTP/1.1" 200 18836
INFO 2026-08-03 11:38:03,496 log 6508 12308 "GET /admin/jsi18n/ HTTP/1.1" 200 3342
INFO 2026-08-03 11:38:15,083 log 6508 12308 "GET /admin/movies/movie/?p=50 HTTP/1.1" 200 65671
INFO 2026-08-03 11:38:18,550 log 6508 12308 "GET /admin/jsi18n/ HTTP/1.1" 200 3342
INFO 2026-08-03 11:38:30,606 log 6508 12308 "GET /admin/movies/movie/?p=49 HTTP/1.1" 200 66421
INFO 2026-08-03 11:38:33,706 log 6508 12308 "GET /admin/jsi18n/ HTTP/1.1" 200 3342
INFO 2026-08-03 11:39:02,590 log 6508 12308 "GET /admin/movies/movie/156/change/?_changelist_filters=p%3D49 HTTP/1.1" 200 17930
INFO 2026-08-03 11:39:02,633 log 6508 14560 "GET /static/admin/js/SelectBox.js HTTP/1.1" 304 0
INFO 2026-08-03 11:39:02,634 log 6508 12308 "GET /static/admin/css/forms.css HTTP/1.1" 304 0
INFO 2026-08-03 11:39:02,637 log 6508 11544 "GET /static/admin/js/SelectFilter2.js HTTP/1.1" 304 0
INFO 2026-08-03 11:39:02,660 log 6508 12308 "GET /static/admin/css/widgets.css HTTP/1.1" 304 0
INFO 2026-08-03 11:39:02,661 log 6508 11544 "GET /static/admin/js/prepopulate_init.js HTTP/1.1" 304 0
INFO 2026-08-03 11:39:02,668 log 6508 11544 "GET /static/admin/js/change_form.js HTTP/1.1" 304 0
INFO 2026-08-03 11:39:06,041 log 6508 5616 "GET /admin/jsi18n/ HTTP/1.1" 200 3342
INFO 2026-08-03 11:39:06,140 log 6508 11544 "GET /static/admin/img/selector-icons.svg HTTP/1.1" 304 0
INFO 2026-08-03 11:39:06,140 log 6508 5616 "GET /static/admin/img/search.svg HTTP/1.1" 304 0
INFO 2026-08-03 11:40:06,951 log 6508 11544 "POST /admin/movies/movie/156/change/?_changelist_filters=p%3D49 HTTP/1.1" 302 0
INFO 2026-08-03 11:40:12,741 log 6508 11544 "GET /admin/movies/movie/?p=49 HTTP/1.1" 200 66620
INFO 2026-08-03 11:40:16,322 log 6508 11544 "GET /admin/jsi18n/ HTTP/1.1" 200 3342
INFO 2026-08-03 11:40:16,351 log 6508 11544 "GET /static/admin/img/icon-yes-dark.svg HTTP/1.1" 304 0
INFO 2026-08-03 11:40:59,520 log 6508 11544 "GET /movies/ HTTP/1.1" 200 141370
INFO 2026-08-03 11:40:59,707 log 6508 11544 "GET /media/movies/Eternal_Glory.jpg HTTP/1.1" 200 6860
INFO 2026-08-03 11:41:14,982 log 6508 11544 "GET /movies/156/theaters HTTP/1.1" 200 14346
INFO 2026-08-03 11:44:13,325 log 6508 11544 "GET /admin/movies/movie/?p=48 HTTP/1.1" 200 66040
INFO 2026-08-03 11:44:16,531 log 6508 11544 "GET /admin/jsi18n/ HTTP/1.1" 200 3342
INFO 2026-08-03 11:44:31,483 log 6508 11544 "GET /admin/movies/movie/248/change/?_changelist_filters=p%3D48 HTTP/1.1" 200 17934
INFO 2026-08-03 11:44:35,177 log 6508 11544 "GET /admin/jsi18n/ HTTP/1.1" 200 3342
INFO 2026-08-03 11:45:16,956 log 6508 11544 "POST /admin/movies/movie/248/change/?_changelist_filters=p%3D48 HTTP/1.1" 302 0
INFO 2026-08-03 11:45:22,809 log 6508 11544 "GET /admin/movies/movie/?p=48 HTTP/1.1" 200 66236
INFO 2026-08-03 11:45:26,065 log 6508 11544 "GET /admin/jsi18n/ HTTP/1.1" 200 3342
INFO 2026-08-03 11:45:57,224 log 6508 11544 "GET /movies/ HTTP/1.1" 200 141367
INFO 2026-08-03 11:45:57,255 log 6508 716 "GET /media/movies/Eternal_Glory.jpg HTTP/1.1" 304 0
INFO 2026-08-03 11:45:57,260 log 6508 11544 "GET /media/movies/wild_strom_4998_r2uXxH1.jpg HTTP/1.1" 200 11265
INFO 2026-08-03 11:47:05,698 log 6508 11544 "GET /admin/movies/movie/?p=45 HTTP/1.1" 200 66415
INFO 2026-08-03 11:47:08,778 log 6508 11544 "GET /admin/jsi18n/ HTTP/1.1" 200 3342
INFO 2026-08-03 11:47:22,281 log 6508 11544 "GET /admin/movies/movie/?p=46 HTTP/1.1" 200 66076
INFO 2026-08-03 11:47:25,770 log 6508 11544 "GET /admin/jsi18n/ HTTP/1.1" 200 3342
INFO 2026-08-03 11:48:00,177 log 6508 11544 "GET /admin/movies/movie/480/change/?_changelist_filters=p%3D46 HTTP/1.1" 200 17941
INFO 2026-08-03 11:48:03,863 log 6508 11544 "GET /admin/jsi18n/ HTTP/1.1" 200 3342
INFO 2026-08-03 11:49:04,484 log 6508 10920 "POST /admin/movies/movie/480/change/?_changelist_filters=p%3D46 HTTP/1.1" 302 0
INFO 2026-08-03 11:49:10,117 log 6508 10920 "GET /admin/movies/movie/?p=46 HTTP/1.1" 200 66277
INFO 2026-08-03 11:49:13,673 log 6508 10920 "GET /admin/jsi18n/ HTTP/1.1" 200 3342
INFO 2026-08-03 11:50:05,414 log 6508 10920 "GET /movies/ HTTP/1.1" 200 141351
INFO 2026-08-03 11:50:05,458 log 6508 10920 "GET /media/movies/Eternal_Glory.jpg HTTP/1.1" 304 0
INFO 2026-08-03 11:50:05,459 log 6508 12716 "GET /media/movies/wild_strom_4998_r2uXxH1.jpg HTTP/1.1" 304 0
INFO 2026-08-03 11:50:05,463 log 6508 16480 "GET /media/movies/Midnight_Empire.jpg HTTP/1.1" 200 13218
INFO 2026-08-03 11:51:02,456 log 6508 16480 "GET /admin/movies/movie/?p=45 HTTP/1.1" 200 66415
INFO 2026-08-03 11:51:05,929 log 6508 16480 "GET /admin/jsi18n/ HTTP/1.1" 200 3342
INFO 2026-08-03 11:51:28,661 log 6508 16480 "GET /admin/movies/movie/601/change/?_changelist_filters=p%3D45 HTTP/1.1" 200 17974
INFO 2026-08-03 11:51:31,776 log 6508 16480 "GET /admin/jsi18n/ HTTP/1.1" 200 3342
INFO 2026-08-03 11:52:44,714 log 6508 16480 "POST /admin/movies/movie/601/change/?_changelist_filters=p%3D45 HTTP/1.1" 302 0
INFO 2026-08-03 11:52:49,639 log 6508 16480 "GET /admin/movies/movie/?p=45 HTTP/1.1" 200 66616
INFO 2026-08-03 11:52:52,877 log 6508 16480 "GET /admin/jsi18n/ HTTP/1.1" 200 3342
INFO 2026-08-03 11:54:09,946 log 6508 12716 "GET /admin/movies/movie/614/change/?_changelist_filters=p%3D45 HTTP/1.1" 200 17960
INFO 2026-08-03 11:54:13,678 log 6508 12716 "GET /admin/jsi18n/ HTTP/1.1" 200 3342
INFO 2026-08-03 11:54:23,664 log 6508 16480 "GET /movies/ HTTP/1.1" 200 141343
INFO 2026-08-03 11:54:23,689 log 6508 12716 "GET /media/movies/wild_strom_4998_r2uXxH1.jpg HTTP/1.1" 304 0
INFO 2026-08-03 11:54:23,691 log 6508 16480 "GET /media/movies/Eternal_Glory.jpg HTTP/1.1" 304 0
INFO 2026-08-03 11:54:23,721 log 6508 16480 "GET /media/movies/Midnight_Empire.jpg HTTP/1.1" 304 0
INFO 2026-08-03 11:54:23,722 log 6508 12716 "GET /media/movies/Broken_Frontier_zj9wmIy.jpg HTTP/1.1" 200 12313
INFO 2026-08-03 11:55:09,234 log 6508 12716 "POST /admin/movies/movie/614/change/?_changelist_filters=p%3D45 HTTP/1.1" 302 0
INFO 2026-08-03 11:55:14,148 log 6508 12716 "GET /admin/movies/movie/?p=45 HTTP/1.1" 200 66608
INFO 2026-08-03 11:55:17,315 log 6508 12716 "GET /admin/jsi18n/ HTTP/1.1" 200 3342
INFO 2026-08-03 11:55:37,241 log 6508 12716 "GET /admin/movies/movie/?p=44 HTTP/1.1" 200 66489
INFO 2026-08-03 11:55:40,717 log 6508 12716 "GET /admin/jsi18n/ HTTP/1.1" 200 3342
INFO 2026-08-03 11:55:43,020 log 6508 16480 "GET /movies/ HTTP/1.1" 200 141327
INFO 2026-08-03 11:55:43,060 log 6508 12716 "GET /media/movies/Midnight_Empire.jpg HTTP/1.1" 304 0
INFO 2026-08-03 11:55:43,062 log 6508 16480 "GET /media/movies/wild_strom_4998_r2uXxH1.jpg HTTP/1.1" 304 0
INFO 2026-08-03 11:55:43,074 log 6508 15800 "GET /media/movies/Broken_Frontier_zj9wmIy.jpg HTTP/1.1" 304 0
INFO 2026-08-03 11:55:43,076 log 6508 16480 "GET /media/movies/Eternal_Kingdom.jpg HTTP/1.1" 200 7221
INFO 2026-08-03 11:55:55,005 log 6508 16480 "GET /admin/movies/movie/629/change/?_changelist_filters=p%3D44 HTTP/1.1" 200 17961
INFO 2026-08-03 11:55:58,588 log 6508 16480 "GET /admin/jsi18n/ HTTP/1.1" 200 3342
INFO 2026-08-03 11:57:12,295 log 6508 16480 "POST /admin/movies/movie/629/change/?_changelist_filters=p%3D44 HTTP/1.1" 302 0
INFO 2026-08-03 11:57:20,624 log 6508 16480 "GET /admin/movies/movie/?p=44 HTTP/1.1" 200 66691
INFO 2026-08-03 11:57:24,498 log 6508 16480 "GET /admin/jsi18n/ HTTP/1.1" 200 3342
INFO 2026-08-03 11:57:35,972 log 6508 15800 "GET /movies/ HTTP/1.1" 200 141311
INFO 2026-08-03 11:57:35,988 log 6508 16480 "GET /media/movies/Eternal_Glory.jpg HTTP/1.1" 304 0
INFO 2026-08-03 11:57:35,990 log 6508 12716 "GET /media/movies/wild_strom_4998_r2uXxH1.jpg HTTP/1.1" 304 0
INFO 2026-08-03 11:57:36,012 log 6508 15800 "GET /media/movies/Eternal_Kingdom.jpg HTTP/1.1" 304 0
INFO 2026-08-03 11:57:36,012 log 6508 12716 "GET /media/movies/Midnight_Empire.jpg HTTP/1.1" 304 0
INFO 2026-08-03 11:57:36,013 log 6508 16480 "GET /media/movies/Broken_Frontier_zj9wmIy.jpg HTTP/1.1" 304 0
INFO 2026-08-03 11:57:36,029 log 6508 16480 "GET /media/movies/Primal_Labyrinth.jpg HTTP/1.1" 200 9043
INFO 2026-08-03 11:58:05,555 log 6508 16480 "GET /admin/movies/movie/687/change/?_changelist_filters=p%3D44 HTTP/1.1" 200 17966
INFO 2026-08-03 11:58:08,939 log 6508 16480 "GET /admin/jsi18n/ HTTP/1.1" 200 3342
INFO 2026-08-03 12:01:20,429 log 6508 16480 "POST /admin/movies/movie/687/change/?_changelist_filters=p%3D44 HTTP/1.1" 302 0
INFO 2026-08-03 12:01:25,828 log 6508 16480 "GET /admin/movies/movie/?p=44 HTTP/1.1" 200 66680
INFO 2026-08-03 12:01:29,238 log 6508 16480 "GET /admin/jsi18n/ HTTP/1.1" 200 3342
INFO 2026-08-03 12:01:49,669 log 6508 12716 "GET /admin/movies/movie/?p=43 HTTP/1.1" 200 66435
INFO 2026-08-03 12:01:53,403 log 6508 12716 "GET /admin/jsi18n/ HTTP/1.1" 200 3342
INFO 2026-08-03 12:02:01,290 log 6508 16480 "GET /movies/ HTTP/1.1" 200 141295
INFO 2026-08-03 12:02:01,317 log 6508 12716 "GET /media/movies/wild_strom_4998_r2uXxH1.jpg HTTP/1.1" 304 0
INFO 2026-08-03 12:02:01,318 log 6508 16480 "GET /media/movies/Eternal_Glory.jpg HTTP/1.1" 304 0
INFO 2026-08-03 12:02:01,338 log 6508 15800 "GET /media/movies/Eternal_Kingdom.jpg HTTP/1.1" 304 0
INFO 2026-08-03 12:02:01,355 log 6508 16480 "GET /media/movies/Midnight_Empire.jpg HTTP/1.1" 304 0
INFO 2026-08-03 12:02:01,357 log 6508 12716 "GET /media/movies/Broken_Frontier_zj9wmIy.jpg HTTP/1.1" 304 0
INFO 2026-08-03 12:02:01,360 log 6508 17132 "GET /media/movies/Primal_Labyrinth.jpg HTTP/1.1" 304 0
INFO 2026-08-03 12:02:01,365 log 6508 6224 "GET /media/movies/Broken_Empire.jpg HTTP/1.1" 200 11673
INFO 2026-08-03 12:02:23,601 log 6508 6224 "GET /admin/movies/movie/725/change/?_changelist_filters=p%3D43 HTTP/1.1" 200 17925
INFO 2026-08-03 12:02:26,676 log 6508 6224 "GET /admin/jsi18n/ HTTP/1.1" 200 3342
INFO 2026-08-03 12:03:21,785 log 6508 6224 "POST /admin/movies/movie/725/change/?_changelist_filters=p%3D43 HTTP/1.1" 302 0
INFO 2026-08-03 12:03:27,621 log 6508 6224 "GET /admin/movies/movie/?p=43 HTTP/1.1" 200 66633
INFO 2026-08-03 12:03:31,036 log 6508 6224 "GET /admin/jsi18n/ HTTP/1.1" 200 3342
INFO 2026-08-03 12:03:46,859 log 6508 17132 "GET /movies/ HTTP/1.1" 200 141279
INFO 2026-08-03 12:03:46,914 log 6508 6224 "GET /media/movies/Midnight_Empire.jpg HTTP/1.1" 304 0
INFO 2026-08-03 12:03:46,914 log 6508 17132 "GET /media/movies/wild_strom_4998_r2uXxH1.jpg HTTP/1.1" 304 0
INFO 2026-08-03 12:03:47,035 log 6508 6224 "GET /media/movies/Broken_Frontier_zj9wmIy.jpg HTTP/1.1" 304 0
INFO 2026-08-03 12:03:47,066 log 6508 17132 "GET /media/movies/Primal_Labyrinth.jpg HTTP/1.1" 304 0
INFO 2026-08-03 12:03:47,066 log 6508 12716 "GET /media/movies/Broken_Empire.jpg HTTP/1.1" 304 0
INFO 2026-08-03 12:03:47,067 log 6508 6224 "GET /media/movies/Eternal_Kingdom.jpg HTTP/1.1" 304 0
INFO 2026-08-03 12:03:47,072 log 6508 6224 "GET /media/movies/Wild_Journey.jpg HTTP/1.1" 200 14191
INFO 2026-08-03 12:16:32,604 log 6508 15716 "GET /movies/ HTTP/1.1" 200 141279
INFO 2026-08-03 12:16:32,632 log 6508 18516 "GET /media/movies/wild_strom_4998_r2uXxH1.jpg HTTP/1.1" 304 0
INFO 2026-08-03 12:16:32,662 log 6508 18516 "GET /media/movies/Midnight_Empire.jpg HTTP/1.1" 304 0
INFO 2026-08-03 12:16:32,663 log 6508 15716 "GET /media/movies/Eternal_Glory.jpg HTTP/1.1" 304 0
INFO 2026-08-03 12:16:32,679 log 6508 15716 "GET /media/movies/Wild_Journey.jpg HTTP/1.1" 304 0
INFO 2026-08-03 12:16:32,681 log 6508 18560 "GET /media/movies/Broken_Frontier_zj9wmIy.jpg HTTP/1.1" 304 0
INFO 2026-08-03 12:16:32,680 log 6508 10804 "GET /media/movies/Eternal_Kingdom.jpg HTTP/1.1" 304 0
INFO 2026-08-03 12:16:32,693 log 6508 12368 "GET /media/movies/Primal_Labyrinth.jpg HTTP/1.1" 304 0
INFO 2026-08-03 12:16:32,709 log 6508 4040 "GET /media/movies/Broken_Empire.jpg HTTP/1.1" 304 0
INFO 2026-08-03 12:28:17,163 log 6508 19180 "GET /movies/ HTTP/1.1" 200 141279
INFO 2026-08-03 12:28:17,215 log 6508 19180 "GET /media/movies/Eternal_Glory.jpg HTTP/1.1" 304 0
INFO 2026-08-03 12:28:17,232 log 6508 18924 "GET /media/movies/wild_strom_4998_r2uXxH1.jpg HTTP/1.1" 304 0
INFO 2026-08-03 12:28:17,265 log 6508 18896 "GET /media/movies/Midnight_Empire.jpg HTTP/1.1" 304 0
INFO 2026-08-03 12:28:17,267 log 6508 19180 "GET /media/movies/Broken_Empire.jpg HTTP/1.1" 304 0
INFO 2026-08-03 12:28:17,267 log 6508 18924 "GET /media/movies/Eternal_Kingdom.jpg HTTP/1.1" 304 0
INFO 2026-08-03 12:28:17,271 log 6508 19200 "GET /media/movies/Broken_Frontier_zj9wmIy.jpg HTTP/1.1" 304 0
INFO 2026-08-03 12:28:17,274 log 6508 7792 "GET /media/movies/Primal_Labyrinth.jpg HTTP/1.1" 304 0
INFO 2026-08-03 12:28:17,279 log 6508 15552 "GET /media/movies/Wild_Journey.jpg HTTP/1.1" 304 0
INFO 2026-08-03 12:30:34,548 autoreload 4900 5680 Watching for file changes with StatReloader
INFO 2026-08-03 12:30:51,135 basehttp 4900 11436 - Broken pipe from ('127.0.0.1', 50107)
INFO 2026-08-03 12:31:00,742 log 4900 10616 "POST /admin/logout/ HTTP/1.1" 200 3475
INFO 2026-08-03 12:31:12,304 log 4900 10616 "GET / HTTP/1.1" 200 1359202
INFO 2026-08-03 12:31:17,516 log 4900 10616 "GET /login/ HTTP/1.1" 200 14824
INFO 2026-08-03 12:31:30,651 log 4900 18584 "GET /admin/ HTTP/1.1" 302 0
INFO 2026-08-03 12:31:30,695 log 4900 18584 "GET /admin/login/?next=/admin/ HTTP/1.1" 200 4080
INFO 2026-08-03 12:31:30,717 log 4900 18584 "GET /static/admin/css/login.css HTTP/1.1" 304 0
INFO 2026-08-03 12:31:34,612 log 4900 10616 "POST /login/ HTTP/1.1" 302 0
INFO 2026-08-03 12:31:41,412 log 4900 18584 "POST /admin/login/?next=/admin/ HTTP/1.1" 302 0
INFO 2026-08-03 12:31:42,291 log 4900 10616 "GET / HTTP/1.1" 200 1359595
INFO 2026-08-03 12:31:46,094 log 4900 18584 "GET /admin/ HTTP/1.1" 200 13613
INFO 2026-08-03 12:32:21,226 log 4900 18584 "GET /movies/ HTTP/1.1" 200 141279
INFO 2026-08-03 12:32:21,256 log 4900 18584 "GET /media/movies/Midnight_Empire.jpg HTTP/1.1" 304 0
INFO 2026-08-03 12:32:21,261 log 4900 10616 "GET /media/movies/Broken_Frontier_zj9wmIy.jpg HTTP/1.1" 304 0
INFO 2026-08-03 12:32:21,266 log 4900 18800 "GET /media/movies/Eternal_Kingdom.jpg HTTP/1.1" 304 0
INFO 2026-08-03 12:32:21,297 log 4900 18584 "GET /media/movies/Primal_Labyrinth.jpg HTTP/1.1" 304 0
INFO 2026-08-03 12:32:21,298 log 4900 16228 "GET /media/movies/Broken_Empire.jpg HTTP/1.1" 304 0
INFO 2026-08-03 12:32:21,300 log 4900 1904 "GET /media/movies/Wild_Journey.jpg HTTP/1.1" 304 0
INFO 2026-08-03 12:33:17,898 log 4900 1904 "GET /admin/movies/movie/ HTTP/1.1" 200 64439
INFO 2026-08-03 12:33:21,545 log 4900 1904 "GET /admin/jsi18n/ HTTP/1.1" 200 3342
INFO 2026-08-03 12:33:37,015 log 4900 1904 "GET /admin/movies/movie/?p=50 HTTP/1.1" 200 65671
INFO 2026-08-03 12:33:40,175 log 4900 1904 "GET /admin/jsi18n/ HTTP/1.1" 200 3342
INFO 2026-08-03 12:33:50,256 log 4900 1904 "GET /admin/movies/movie/?p=47 HTTP/1.1" 200 66196
INFO 2026-08-03 12:33:54,091 log 4900 1904 "GET /admin/jsi18n/ HTTP/1.1" 200 3342
INFO 2026-08-03 12:34:03,702 log 4900 1904 "GET /admin/movies/movie/?p=44 HTTP/1.1" 200 66473
INFO 2026-08-03 12:34:06,895 log 4900 1904 "GET /admin/jsi18n/ HTTP/1.1" 200 3342
INFO 2026-08-03 12:34:16,868 log 4900 1904 "GET /admin/movies/movie/?p=43 HTTP/1.1" 200 66427
INFO 2026-08-03 12:34:20,056 log 4900 1904 "GET /admin/jsi18n/ HTTP/1.1" 200 3342
INFO 2026-08-03 12:34:33,732 log 4900 1904 "GET /admin/movies/movie/733/change/?_changelist_filters=p%3D43 HTTP/1.1" 200 17927
INFO 2026-08-03 12:34:36,694 log 4900 1904 "GET /admin/jsi18n/ HTTP/1.1" 200 3342
INFO 2026-08-03 12:35:26,352 log 4900 1904 "POST /admin/movies/movie/733/change/?_changelist_filters=p%3D43 HTTP/1.1" 302 0
INFO 2026-08-03 12:35:32,527 log 4900 1904 "GET /admin/movies/movie/?p=43 HTTP/1.1" 200 66624
INFO 2026-08-03 12:35:36,608 log 4900 1904 "GET /admin/jsi18n/ HTTP/1.1" 200 3342
INFO 2026-08-03 12:35:52,572 log 4900 1904 "GET /admin/movies/movie/801/change/?_changelist_filters=p%3D43 HTTP/1.1" 200 17972
INFO 2026-08-03 12:35:56,356 log 4900 1904 "GET /admin/jsi18n/ HTTP/1.1" 200 3342
INFO 2026-08-03 12:37:12,440 log 4900 1904 "POST /admin/movies/movie/801/change/?_changelist_filters=p%3D43 HTTP/1.1" 302 0
INFO 2026-08-03 12:37:17,681 log 4900 1904 "GET /admin/movies/movie/?p=43 HTTP/1.1" 200 66622
INFO 2026-08-03 12:37:21,450 log 4900 1904 "GET /admin/jsi18n/ HTTP/1.1" 200 3342
INFO 2026-08-03 12:37:31,521 log 4900 1904 "GET /admin/movies/movie/?p=42 HTTP/1.1" 200 66161
INFO 2026-08-03 12:37:34,971 log 4900 1904 "GET /admin/jsi18n/ HTTP/1.1" 200 3342
INFO 2026-08-03 12:37:47,124 log 4900 1904 "GET /admin/movies/movie/834/change/?_changelist_filters=p%3D42 HTTP/1.1" 200 17956
INFO 2026-08-03 12:37:50,626 log 4900 1904 "GET /admin/jsi18n/ HTTP/1.1" 200 3342
INFO 2026-08-03 12:40:26,799 log 4900 1904 "POST /admin/movies/movie/834/change/?_changelist_filters=p%3D42 HTTP/1.1" 302 0
INFO 2026-08-03 12:40:32,166 log 4900 1904 "GET /admin/movies/movie/?p=42 HTTP/1.1" 200 67679
INFO 2026-08-03 12:40:36,534 log 4900 1904 "GET /admin/jsi18n/ HTTP/1.1" 200 3342
INFO 2026-08-03 12:40:59,978 log 4900 1904 "GET /admin/movies/movie/834/change/?_changelist_filters=p%3D42 HTTP/1.1" 200 19246
INFO 2026-08-03 12:41:04,785 log 4900 1904 "GET /admin/jsi18n/ HTTP/1.1" 200 3342
INFO 2026-08-03 12:41:40,015 log 4900 1904 "POST /admin/movies/movie/834/change/?_changelist_filters=p%3D42 HTTP/1.1" 302 0
INFO 2026-08-03 12:41:49,191 log 4900 1904 "GET /admin/movies/movie/?p=42 HTTP/1.1" 200 67679
INFO 2026-08-03 12:41:49,227 log 4900 1904 "GET /static/admin/css/base.css HTTP/1.1" 304 0
INFO 2026-08-03 12:41:49,231 log 4900 12528 "GET /static/admin/css/dark_mode.css HTTP/1.1" 304 0
INFO 2026-08-03 12:41:49,234 log 4900 15120 "GET /static/admin/css/nav_sidebar.css HTTP/1.1" 304 0
INFO 2026-08-03 12:41:49,246 log 4900 16008 "GET /static/admin/css/changelists.css HTTP/1.1" 304 0
INFO 2026-08-03 12:41:49,248 log 4900 15120 "GET /static/admin/js/jquery.init.js HTTP/1.1" 304 0
INFO 2026-08-03 12:41:49,253 log 4900 12528 "GET /static/admin/css/responsive.css HTTP/1.1" 304 0
INFO 2026-08-03 12:41:49,261 log 4900 1904 "GET /static/admin/js/vendor/jquery/jquery.js HTTP/1.1" 304 0
INFO 2026-08-03 12:41:49,267 log 4900 17836 "GET /static/admin/js/theme.js HTTP/1.1" 304 0
INFO 2026-08-03 12:41:49,275 log 4900 12528 "GET /static/admin/js/core.js HTTP/1.1" 304 0
INFO 2026-08-03 12:41:49,274 log 4900 16008 "GET /static/admin/js/admin/RelatedObjectLookups.js HTTP/1.1" 304 0
INFO 2026-08-03 12:41:49,282 log 4900 15120 "GET /static/admin/js/actions.js HTTP/1.1" 304 0
INFO 2026-08-03 12:41:49,284 log 4900 17836 "GET /static/admin/js/prepopulate.js HTTP/1.1" 304 0
INFO 2026-08-03 12:41:49,286 log 4900 12528 "GET /static/admin/js/vendor/xregexp/xregexp.js HTTP/1.1" 304 0
INFO 2026-08-03 12:41:49,287 log 4900 1904 "GET /static/admin/js/urlify.js HTTP/1.1" 304 0
INFO 2026-08-03 12:41:49,294 log 4900 1904 "GET /static/admin/js/nav_sidebar.js HTTP/1.1" 304 0
INFO 2026-08-03 12:41:49,309 log 4900 1904 "GET /static/admin/js/filters.js HTTP/1.1" 304 0
INFO 2026-08-03 12:41:53,436 log 4900 17760 "GET /admin/jsi18n/ HTTP/1.1" 200 3342
INFO 2026-08-03 12:42:32,550 log 4900 17760 "GET /movies/ HTTP/1.1" 200 142624
INFO 2026-08-03 12:42:32,589 log 4900 17760 "GET /media/movies/Eternal_Glory.jpg HTTP/1.1" 304 0
INFO 2026-08-03 12:42:32,594 log 4900 1904 "GET /media/movies/wild_strom_4998_r2uXxH1.jpg HTTP/1.1" 304 0
INFO 2026-08-03 12:42:32,612 log 4900 15120 "GET /media/movies/Broken_Empire.jpg HTTP/1.1" 304 0
INFO 2026-08-03 12:42:32,613 log 4900 16008 "GET /media/movies/Wild_Journey.jpg HTTP/1.1" 304 0
INFO 2026-08-03 12:42:32,614 log 4900 1904 "GET /media/movies/Broken_Frontier_zj9wmIy.jpg HTTP/1.1" 304 0
INFO 2026-08-03 12:42:32,617 log 4900 12528 "GET /media/movies/Eternal_Kingdom.jpg HTTP/1.1" 304 0
INFO 2026-08-03 12:42:32,617 log 4900 17760 "GET /media/movies/Midnight_Empire.jpg HTTP/1.1" 304 0
INFO 2026-08-03 12:42:32,618 log 4900 17836 "GET /media/movies/Primal_Labyrinth.jpg HTTP/1.1" 304 0
INFO 2026-08-03 12:42:32,888 log 4900 12528 "GET /media/movies/Midnight_Frontier.jpg HTTP/1.1" 200 7793
INFO 2026-08-03 12:42:32,893 log 4900 16008 "GET /media/movies/Dark_Empire_iqnkPls.jpg HTTP/1.1" 200 7784
INFO 2026-08-03 12:42:32,900 log 4900 17836 "GET /media/movies/Jhoda_Akbar.jpg HTTP/1.1" 200 12393
ERROR 2026-08-03 12:46:24,874 log 4900 18528 Internal Server Error: /admin/movies/movie/
Traceback (most recent call last):
  File "D:\Python\Lib\site-packages\django\contrib\sessions\backends\base.py", line 246, in _get_session
    return self._session_cache
           ^^^^^^^^^^^^^^^^^^^
AttributeError: 'SessionStore' object has no attribute '_session_cache'

During handling of the above exception, another exception occurred:

Traceback (most recent call last):
  File "D:\Python\Lib\site-packages\django\db\backends\base\base.py", line 279, in ensure_connection
    self.connect()
    ~~~~~~~~~~~~^^
  File "D:\Python\Lib\site-packages\django\utils\asyncio.py", line 26, in inner
    return func(*args, **kwargs)
  File "D:\Python\Lib\site-packages\django\db\backends\base\base.py", line 256, in connect
    self.connection = self.get_new_connection(conn_params)
                      ~~~~~~~~~~~~~~~~~~~~~~~^^^^^^^^^^^^^
  File "D:\Python\Lib\site-packages\django\utils\asyncio.py", line 26, in inner
    return func(*args, **kwargs)
  File "D:\Python\Lib\site-packages\django\db\backends\postgresql\base.py", line 333, in get_new_connection
    connection = self.Database.connect(**conn_params)
  File "D:\Python\Lib\site-packages\psycopg2\__init__.py", line 135, in connect
    conn = _connect(dsn, connection_factory=connection_factory, **kwasync)
psycopg2.OperationalError: could not translate host name "dpg-d9c9hn37uimc73d2dpu0-a.oregon-postgres.render.com" to address: Name or service not known


The above exception was the direct cause of the following exception:

Traceback (most recent call last):
  File "D:\Python\Lib\site-packages\django\core\handlers\exception.py", line 55, in inner
    response = get_response(request)
  File "D:\Python\Lib\site-packages\django\core\handlers\base.py", line 198, in _get_response
    response = wrapped_callback(request, *callback_args, **callback_kwargs)
  File "D:\Python\Lib\site-packages\django\contrib\admin\options.py", line 711, in wrapper
    return self.admin_site.admin_view(view)(*args, **kwargs)
           ~~~~~~~~~~~~~~~~~~~~~~~~~~~~~~~~^^^^^^^^^^^^^^^^^
  File "D:\Python\Lib\site-packages\django\utils\decorators.py", line 192, in _view_wrapper
    result = _process_exception(request, e)
  File "D:\Python\Lib\site-packages\django\utils\decorators.py", line 190, in _view_wrapper
    response = view_func(request, *args, **kwargs)
  File "D:\Python\Lib\site-packages\django\views\decorators\cache.py", line 80, in _view_wrapper
    response = view_func(request, *args, **kwargs)
  File "D:\Python\Lib\site-packages\django\contrib\admin\sites.py", line 235, in inner
    if not self.has_permission(request):
           ~~~~~~~~~~~~~~~~~~~^^^^^^^^^
  File "D:\Python\Lib\site-packages\django\contrib\admin\sites.py", line 208, in has_permission
    return request.user.is_active and request.user.is_staff
           ^^^^^^^^^^^^^^^^^^^^^^
  File "D:\Python\Lib\site-packages\django\utils\functional.py", line 251, in inner
    self._setup()
    ~~~~~~~~~~~^^
  File "D:\Python\Lib\site-packages\django\utils\functional.py", line 404, in _setup
    self._wrapped = self._setupfunc()
                    ~~~~~~~~~~~~~~~^^
  File "D:\Python\Lib\site-packages\django\contrib\auth\middleware.py", line 40, in <lambda>
    request.user = SimpleLazyObject(lambda: get_user(request))
                                            ~~~~~~~~^^^^^^^^^
  File "D:\Python\Lib\site-packages\django\contrib\auth\middleware.py", line 20, in get_user
    request._cached_user = auth.get_user(request)
                           ~~~~~~~~~~~~~^^^^^^^^^
  File "D:\Python\Lib\site-packages\django\contrib\auth\__init__.py", line 321, in get_user
    user_id = _get_user_session_key(request)
  File "D:\Python\Lib\site-packages\django\contrib\auth\__init__.py", line 95, in _get_user_session_key
    return get_user_model()._meta.pk.to_python(request.session[SESSION_KEY])
                                               ~~~~~~~~~~~~~~~^^^^^^^^^^^^^
  File "D:\Python\Lib\site-packages\django\contrib\sessions\backends\base.py", line 55, in __getitem__
    return self._session[key]
           ^^^^^^^^^^^^^
  File "D:\Python\Lib\site-packages\django\contrib\sessions\backends\base.py", line 251, in _get_session
    self._session_cache = self.load()
                          ~~~~~~~~~^^
  File "D:\Python\Lib\site-packages\django\contrib\sessions\backends\db.py", line 55, in load
    s = self._get_session_from_db()
  File "D:\Python\Lib\site-packages\django\contrib\sessions\backends\db.py", line 34, in _get_session_from_db
    return self.model.objects.get(
           ~~~~~~~~~~~~~~~~~~~~~~^
        session_key=self.session_key, expire_date__gt=timezone.now()
        ^^^^^^^^^^^^^^^^^^^^^^^^^^^^^^^^^^^^^^^^^^^^^^^^^^^^^^^^^^^^
    )
    ^
  File "D:\Python\Lib\site-packages\django\db\models\manager.py", line 87, in manager_method
    return getattr(self.get_queryset(), name)(*args, **kwargs)
           ~~~~~~~~~~~~~~~~~~~~~~~~~~~~~~~~~~^^^^^^^^^^^^^^^^^
  File "D:\Python\Lib\site-packages\django\db\models\query.py", line 635, in get
    num = len(clone)
  File "D:\Python\Lib\site-packages\django\db\models\query.py", line 372, in __len__
    self._fetch_all()
    ~~~~~~~~~~~~~~~^^
  File "D:\Python\Lib\site-packages\django\db\models\query.py", line 2000, in _fetch_all
    self._result_cache = list(self._iterable_class(self))
                         ~~~~^^^^^^^^^^^^^^^^^^^^^^^^^^^^
  File "D:\Python\Lib\site-packages\django\db\models\query.py", line 95, in __iter__
    results = compiler.execute_sql(
        chunked_fetch=self.chunked_fetch, chunk_size=self.chunk_size
    )
  File "D:\Python\Lib\site-packages\django\db\models\sql\compiler.py", line 1622, in execute_sql
    cursor = self.connection.cursor()
  File "D:\Python\Lib\site-packages\django\utils\asyncio.py", line 26, in inner
    return func(*args, **kwargs)
  File "D:\Python\Lib\site-packages\django\db\backends\base\base.py", line 320, in cursor
    return self._cursor()
           ~~~~~~~~~~~~^^
  File "D:\Python\Lib\site-packages\django\db\backends\base\base.py", line 296, in _cursor
    self.ensure_connection()
    ~~~~~~~~~~~~~~~~~~~~~~^^
  File "D:\Python\Lib\site-packages\django\utils\asyncio.py", line 26, in inner
    return func(*args, **kwargs)
  File "D:\Python\Lib\site-packages\django\db\backends\base\base.py", line 278, in ensure_connection
    with self.wrap_database_errors:
         ^^^^^^^^^^^^^^^^^^^^^^^^^
  File "D:\Python\Lib\site-packages\django\db\utils.py", line 94, in __exit__
    raise dj_exc_value.with_traceback(traceback) from exc_value
  File "D:\Python\Lib\site-packages\django\db\backends\base\base.py", line 279, in ensure_connection
    self.connect()
    ~~~~~~~~~~~~^^
  File "D:\Python\Lib\site-packages\django\utils\asyncio.py", line 26, in inner
    return func(*args, **kwargs)
  File "D:\Python\Lib\site-packages\django\db\backends\base\base.py", line 256, in connect
    self.connection = self.get_new_connection(conn_params)
                      ~~~~~~~~~~~~~~~~~~~~~~~^^^^^^^^^^^^^
  File "D:\Python\Lib\site-packages\django\utils\asyncio.py", line 26, in inner
    return func(*args, **kwargs)
  File "D:\Python\Lib\site-packages\django\db\backends\postgresql\base.py", line 333, in get_new_connection
    connection = self.Database.connect(**conn_params)
  File "D:\Python\Lib\site-packages\psycopg2\__init__.py", line 135, in connect
    conn = _connect(dsn, connection_factory=connection_factory, **kwasync)
django.db.utils.OperationalError: could not translate host name "dpg-d9c9hn37uimc73d2dpu0-a.oregon-postgres.render.com" to address: Name or service not known

ERROR 2026-08-03 12:46:24,905 log 4900 18528 "GET /admin/movies/movie/?p=41 HTTP/1.1" 500 242084
ERROR 2026-08-03 12:46:29,594 log 4900 18528 Internal Server Error: /admin/movies/movie/
Traceback (most recent call last):
  File "D:\Python\Lib\site-packages\django\contrib\sessions\backends\base.py", line 246, in _get_session
    return self._session_cache
           ^^^^^^^^^^^^^^^^^^^
AttributeError: 'SessionStore' object has no attribute '_session_cache'

During handling of the above exception, another exception occurred:

Traceback (most recent call last):
  File "D:\Python\Lib\site-packages\django\db\backends\base\base.py", line 279, in ensure_connection
    self.connect()
    ~~~~~~~~~~~~^^
  File "D:\Python\Lib\site-packages\django\utils\asyncio.py", line 26, in inner
    return func(*args, **kwargs)
  File "D:\Python\Lib\site-packages\django\db\backends\base\base.py", line 256, in connect
    self.connection = self.get_new_connection(conn_params)
                      ~~~~~~~~~~~~~~~~~~~~~~~^^^^^^^^^^^^^
  File "D:\Python\Lib\site-packages\django\utils\asyncio.py", line 26, in inner
    return func(*args, **kwargs)
  File "D:\Python\Lib\site-packages\django\db\backends\postgresql\base.py", line 333, in get_new_connection
    connection = self.Database.connect(**conn_params)
  File "D:\Python\Lib\site-packages\psycopg2\__init__.py", line 135, in connect
    conn = _connect(dsn, connection_factory=connection_factory, **kwasync)
psycopg2.OperationalError: could not translate host name "dpg-d9c9hn37uimc73d2dpu0-a.oregon-postgres.render.com" to address: Name or service not known


The above exception was the direct cause of the following exception:

Traceback (most recent call last):
  File "D:\Python\Lib\site-packages\django\core\handlers\exception.py", line 55, in inner
    response = get_response(request)
  File "D:\Python\Lib\site-packages\django\core\handlers\base.py", line 198, in _get_response
    response = wrapped_callback(request, *callback_args, **callback_kwargs)
  File "D:\Python\Lib\site-packages\django\contrib\admin\options.py", line 711, in wrapper
    return self.admin_site.admin_view(view)(*args, **kwargs)
           ~~~~~~~~~~~~~~~~~~~~~~~~~~~~~~~~^^^^^^^^^^^^^^^^^
  File "D:\Python\Lib\site-packages\django\utils\decorators.py", line 192, in _view_wrapper
    result = _process_exception(request, e)
  File "D:\Python\Lib\site-packages\django\utils\decorators.py", line 190, in _view_wrapper
    response = view_func(request, *args, **kwargs)
  File "D:\Python\Lib\site-packages\django\views\decorators\cache.py", line 80, in _view_wrapper
    response = view_func(request, *args, **kwargs)
  File "D:\Python\Lib\site-packages\django\contrib\admin\sites.py", line 235, in inner
    if not self.has_permission(request):
           ~~~~~~~~~~~~~~~~~~~^^^^^^^^^
  File "D:\Python\Lib\site-packages\django\contrib\admin\sites.py", line 208, in has_permission
    return request.user.is_active and request.user.is_staff
           ^^^^^^^^^^^^^^^^^^^^^^
  File "D:\Python\Lib\site-packages\django\utils\functional.py", line 251, in inner
    self._setup()
    ~~~~~~~~~~~^^
  File "D:\Python\Lib\site-packages\django\utils\functional.py", line 404, in _setup
    self._wrapped = self._setupfunc()
                    ~~~~~~~~~~~~~~~^^
  File "D:\Python\Lib\site-packages\django\contrib\auth\middleware.py", line 40, in <lambda>
    request.user = SimpleLazyObject(lambda: get_user(request))
                                            ~~~~~~~~^^^^^^^^^
  File "D:\Python\Lib\site-packages\django\contrib\auth\middleware.py", line 20, in get_user
    request._cached_user = auth.get_user(request)
                           ~~~~~~~~~~~~~^^^^^^^^^
  File "D:\Python\Lib\site-packages\django\contrib\auth\__init__.py", line 321, in get_user
    user_id = _get_user_session_key(request)
  File "D:\Python\Lib\site-packages\django\contrib\auth\__init__.py", line 95, in _get_user_session_key
    return get_user_model()._meta.pk.to_python(request.session[SESSION_KEY])
                                               ~~~~~~~~~~~~~~~^^^^^^^^^^^^^
  File "D:\Python\Lib\site-packages\django\contrib\sessions\backends\base.py", line 55, in __getitem__
    return self._session[key]
           ^^^^^^^^^^^^^
  File "D:\Python\Lib\site-packages\django\contrib\sessions\backends\base.py", line 251, in _get_session
    self._session_cache = self.load()
                          ~~~~~~~~~^^
  File "D:\Python\Lib\site-packages\django\contrib\sessions\backends\db.py", line 55, in load
    s = self._get_session_from_db()
  File "D:\Python\Lib\site-packages\django\contrib\sessions\backends\db.py", line 34, in _get_session_from_db
    return self.model.objects.get(
           ~~~~~~~~~~~~~~~~~~~~~~^
        session_key=self.session_key, expire_date__gt=timezone.now()
        ^^^^^^^^^^^^^^^^^^^^^^^^^^^^^^^^^^^^^^^^^^^^^^^^^^^^^^^^^^^^
    )
    ^
  File "D:\Python\Lib\site-packages\django\db\models\manager.py", line 87, in manager_method
    return getattr(self.get_queryset(), name)(*args, **kwargs)
           ~~~~~~~~~~~~~~~~~~~~~~~~~~~~~~~~~~^^^^^^^^^^^^^^^^^
  File "D:\Python\Lib\site-packages\django\db\models\query.py", line 635, in get
    num = len(clone)
  File "D:\Python\Lib\site-packages\django\db\models\query.py", line 372, in __len__
    self._fetch_all()
    ~~~~~~~~~~~~~~~^^
  File "D:\Python\Lib\site-packages\django\db\models\query.py", line 2000, in _fetch_all
    self._result_cache = list(self._iterable_class(self))
                         ~~~~^^^^^^^^^^^^^^^^^^^^^^^^^^^^
  File "D:\Python\Lib\site-packages\django\db\models\query.py", line 95, in __iter__
    results = compiler.execute_sql(
        chunked_fetch=self.chunked_fetch, chunk_size=self.chunk_size
    )
  File "D:\Python\Lib\site-packages\django\db\models\sql\compiler.py", line 1622, in execute_sql
    cursor = self.connection.cursor()
  File "D:\Python\Lib\site-packages\django\utils\asyncio.py", line 26, in inner
    return func(*args, **kwargs)
  File "D:\Python\Lib\site-packages\django\db\backends\base\base.py", line 320, in cursor
    return self._cursor()
           ~~~~~~~~~~~~^^
  File "D:\Python\Lib\site-packages\django\db\backends\base\base.py", line 296, in _cursor
    self.ensure_connection()
    ~~~~~~~~~~~~~~~~~~~~~~^^
  File "D:\Python\Lib\site-packages\django\utils\asyncio.py", line 26, in inner
    return func(*args, **kwargs)
  File "D:\Python\Lib\site-packages\django\db\backends\base\base.py", line 278, in ensure_connection
    with self.wrap_database_errors:
         ^^^^^^^^^^^^^^^^^^^^^^^^^
  File "D:\Python\Lib\site-packages\django\db\utils.py", line 94, in __exit__
    raise dj_exc_value.with_traceback(traceback) from exc_value
  File "D:\Python\Lib\site-packages\django\db\backends\base\base.py", line 279, in ensure_connection
    self.connect()
    ~~~~~~~~~~~~^^
  File "D:\Python\Lib\site-packages\django\utils\asyncio.py", line 26, in inner
    return func(*args, **kwargs)
  File "D:\Python\Lib\site-packages\django\db\backends\base\base.py", line 256, in connect
    self.connection = self.get_new_connection(conn_params)
                      ~~~~~~~~~~~~~~~~~~~~~~~^^^^^^^^^^^^^
  File "D:\Python\Lib\site-packages\django\utils\asyncio.py", line 26, in inner
    return func(*args, **kwargs)
  File "D:\Python\Lib\site-packages\django\db\backends\postgresql\base.py", line 333, in get_new_connection
    connection = self.Database.connect(**conn_params)
  File "D:\Python\Lib\site-packages\psycopg2\__init__.py", line 135, in connect
    conn = _connect(dsn, connection_factory=connection_factory, **kwasync)
django.db.utils.OperationalError: could not translate host name "dpg-d9c9hn37uimc73d2dpu0-a.oregon-postgres.render.com" to address: Name or service not known

ERROR 2026-08-03 12:46:29,606 log 4900 18528 "GET /admin/movies/movie/?p=42 HTTP/1.1" 500 241986
ERROR 2026-08-03 12:46:30,899 log 4900 18528 Internal Server Error: /admin/movies/movie/834/change/
Traceback (most recent call last):
  File "D:\Python\Lib\site-packages\django\contrib\sessions\backends\base.py", line 246, in _get_session
    return self._session_cache
           ^^^^^^^^^^^^^^^^^^^
AttributeError: 'SessionStore' object has no attribute '_session_cache'

During handling of the above exception, another exception occurred:

Traceback (most recent call last):
  File "D:\Python\Lib\site-packages\django\db\backends\base\base.py", line 279, in ensure_connection
    self.connect()
    ~~~~~~~~~~~~^^
  File "D:\Python\Lib\site-packages\django\utils\asyncio.py", line 26, in inner
    return func(*args, **kwargs)
  File "D:\Python\Lib\site-packages\django\db\backends\base\base.py", line 256, in connect
    self.connection = self.get_new_connection(conn_params)
                      ~~~~~~~~~~~~~~~~~~~~~~~^^^^^^^^^^^^^
  File "D:\Python\Lib\site-packages\django\utils\asyncio.py", line 26, in inner
    return func(*args, **kwargs)
  File "D:\Python\Lib\site-packages\django\db\backends\postgresql\base.py", line 333, in get_new_connection
    connection = self.Database.connect(**conn_params)
  File "D:\Python\Lib\site-packages\psycopg2\__init__.py", line 135, in connect
    conn = _connect(dsn, connection_factory=connection_factory, **kwasync)
psycopg2.OperationalError: could not translate host name "dpg-d9c9hn37uimc73d2dpu0-a.oregon-postgres.render.com" to address: Name or service not known


The above exception was the direct cause of the following exception:

Traceback (most recent call last):
  File "D:\Python\Lib\site-packages\django\core\handlers\exception.py", line 55, in inner
    response = get_response(request)
  File "D:\Python\Lib\site-packages\django\core\handlers\base.py", line 198, in _get_response
    response = wrapped_callback(request, *callback_args, **callback_kwargs)
  File "D:\Python\Lib\site-packages\django\contrib\admin\options.py", line 711, in wrapper
    return self.admin_site.admin_view(view)(*args, **kwargs)
           ~~~~~~~~~~~~~~~~~~~~~~~~~~~~~~~~^^^^^^^^^^^^^^^^^
  File "D:\Python\Lib\site-packages\django\utils\decorators.py", line 192, in _view_wrapper
    result = _process_exception(request, e)
  File "D:\Python\Lib\site-packages\django\utils\decorators.py", line 190, in _view_wrapper
    response = view_func(request, *args, **kwargs)
  File "D:\Python\Lib\site-packages\django\views\decorators\cache.py", line 80, in _view_wrapper
    response = view_func(request, *args, **kwargs)
  File "D:\Python\Lib\site-packages\django\contrib\admin\sites.py", line 235, in inner
    if not self.has_permission(request):
           ~~~~~~~~~~~~~~~~~~~^^^^^^^^^
  File "D:\Python\Lib\site-packages\django\contrib\admin\sites.py", line 208, in has_permission
    return request.user.is_active and request.user.is_staff
           ^^^^^^^^^^^^^^^^^^^^^^
  File "D:\Python\Lib\site-packages\django\utils\functional.py", line 251, in inner
    self._setup()
    ~~~~~~~~~~~^^
  File "D:\Python\Lib\site-packages\django\utils\functional.py", line 404, in _setup
    self._wrapped = self._setupfunc()
                    ~~~~~~~~~~~~~~~^^
  File "D:\Python\Lib\site-packages\django\contrib\auth\middleware.py", line 40, in <lambda>
    request.user = SimpleLazyObject(lambda: get_user(request))
                                            ~~~~~~~~^^^^^^^^^
  File "D:\Python\Lib\site-packages\django\contrib\auth\middleware.py", line 20, in get_user
    request._cached_user = auth.get_user(request)
                           ~~~~~~~~~~~~~^^^^^^^^^
  File "D:\Python\Lib\site-packages\django\contrib\auth\__init__.py", line 321, in get_user
    user_id = _get_user_session_key(request)
  File "D:\Python\Lib\site-packages\django\contrib\auth\__init__.py", line 95, in _get_user_session_key
    return get_user_model()._meta.pk.to_python(request.session[SESSION_KEY])
                                               ~~~~~~~~~~~~~~~^^^^^^^^^^^^^
  File "D:\Python\Lib\site-packages\django\contrib\sessions\backends\base.py", line 55, in __getitem__
    return self._session[key]
           ^^^^^^^^^^^^^
  File "D:\Python\Lib\site-packages\django\contrib\sessions\backends\base.py", line 251, in _get_session
    self._session_cache = self.load()
                          ~~~~~~~~~^^
  File "D:\Python\Lib\site-packages\django\contrib\sessions\backends\db.py", line 55, in load
    s = self._get_session_from_db()
  File "D:\Python\Lib\site-packages\django\contrib\sessions\backends\db.py", line 34, in _get_session_from_db
    return self.model.objects.get(
           ~~~~~~~~~~~~~~~~~~~~~~^
        session_key=self.session_key, expire_date__gt=timezone.now()
        ^^^^^^^^^^^^^^^^^^^^^^^^^^^^^^^^^^^^^^^^^^^^^^^^^^^^^^^^^^^^
    )
    ^
  File "D:\Python\Lib\site-packages\django\db\models\manager.py", line 87, in manager_method
    return getattr(self.get_queryset(), name)(*args, **kwargs)
           ~~~~~~~~~~~~~~~~~~~~~~~~~~~~~~~~~~^^^^^^^^^^^^^^^^^
  File "D:\Python\Lib\site-packages\django\db\models\query.py", line 635, in get
    num = len(clone)
  File "D:\Python\Lib\site-packages\django\db\models\query.py", line 372, in __len__
    self._fetch_all()
    ~~~~~~~~~~~~~~~^^
  File "D:\Python\Lib\site-packages\django\db\models\query.py", line 2000, in _fetch_all
    self._result_cache = list(self._iterable_class(self))
                         ~~~~^^^^^^^^^^^^^^^^^^^^^^^^^^^^
  File "D:\Python\Lib\site-packages\django\db\models\query.py", line 95, in __iter__
    results = compiler.execute_sql(
        chunked_fetch=self.chunked_fetch, chunk_size=self.chunk_size
    )
  File "D:\Python\Lib\site-packages\django\db\models\sql\compiler.py", line 1622, in execute_sql
    cursor = self.connection.cursor()
  File "D:\Python\Lib\site-packages\django\utils\asyncio.py", line 26, in inner
    return func(*args, **kwargs)
  File "D:\Python\Lib\site-packages\django\db\backends\base\base.py", line 320, in cursor
    return self._cursor()
           ~~~~~~~~~~~~^^
  File "D:\Python\Lib\site-packages\django\db\backends\base\base.py", line 296, in _cursor
    self.ensure_connection()
    ~~~~~~~~~~~~~~~~~~~~~~^^
  File "D:\Python\Lib\site-packages\django\utils\asyncio.py", line 26, in inner
    return func(*args, **kwargs)
  File "D:\Python\Lib\site-packages\django\db\backends\base\base.py", line 278, in ensure_connection
    with self.wrap_database_errors:
         ^^^^^^^^^^^^^^^^^^^^^^^^^
  File "D:\Python\Lib\site-packages\django\db\utils.py", line 94, in __exit__
    raise dj_exc_value.with_traceback(traceback) from exc_value
  File "D:\Python\Lib\site-packages\django\db\backends\base\base.py", line 279, in ensure_connection
    self.connect()
    ~~~~~~~~~~~~^^
  File "D:\Python\Lib\site-packages\django\utils\asyncio.py", line 26, in inner
    return func(*args, **kwargs)
  File "D:\Python\Lib\site-packages\django\db\backends\base\base.py", line 256, in connect
    self.connection = self.get_new_connection(conn_params)
                      ~~~~~~~~~~~~~~~~~~~~~~~^^^^^^^^^^^^^
  File "D:\Python\Lib\site-packages\django\utils\asyncio.py", line 26, in inner
    return func(*args, **kwargs)
  File "D:\Python\Lib\site-packages\django\db\backends\postgresql\base.py", line 333, in get_new_connection
    connection = self.Database.connect(**conn_params)
  File "D:\Python\Lib\site-packages\psycopg2\__init__.py", line 135, in connect
    conn = _connect(dsn, connection_factory=connection_factory, **kwasync)
django.db.utils.OperationalError: could not translate host name "dpg-d9c9hn37uimc73d2dpu0-a.oregon-postgres.render.com" to address: Name or service not known

ERROR 2026-08-03 12:46:30,915 log 4900 18528 "GET /admin/movies/movie/834/change/?_changelist_filters=p%3D42 HTTP/1.1" 500 242720
ERROR 2026-08-03 12:46:44,414 log 4900 18528 Internal Server Error: /movies/
Traceback (most recent call last):
  File "D:\Python\Lib\site-packages\django\db\backends\base\base.py", line 279, in ensure_connection
    self.connect()
    ~~~~~~~~~~~~^^
  File "D:\Python\Lib\site-packages\django\utils\asyncio.py", line 26, in inner
    return func(*args, **kwargs)
  File "D:\Python\Lib\site-packages\django\db\backends\base\base.py", line 256, in connect
    self.connection = self.get_new_connection(conn_params)
                      ~~~~~~~~~~~~~~~~~~~~~~~^^^^^^^^^^^^^
  File "D:\Python\Lib\site-packages\django\utils\asyncio.py", line 26, in inner
    return func(*args, **kwargs)
  File "D:\Python\Lib\site-packages\django\db\backends\postgresql\base.py", line 333, in get_new_connection
    connection = self.Database.connect(**conn_params)
  File "D:\Python\Lib\site-packages\psycopg2\__init__.py", line 135, in connect
    conn = _connect(dsn, connection_factory=connection_factory, **kwasync)
psycopg2.OperationalError: could not translate host name "dpg-d9c9hn37uimc73d2dpu0-a.oregon-postgres.render.com" to address: Name or service not known


The above exception was the direct cause of the following exception:

Traceback (most recent call last):
  File "D:\Python\Lib\site-packages\django\core\handlers\exception.py", line 55, in inner
    response = get_response(request)
  File "D:\Python\Lib\site-packages\django\core\handlers\base.py", line 198, in _get_response
    response = wrapped_callback(request, *callback_args, **callback_kwargs)
  File "D:\intership traning\bookmyseat\movies\views.py", line 72, in movie_list
    genre_count_map = {item['genres__id']: item['count'] for item in genre_counts_raw if item['genres__id'] is not None}
                                                                     ^^^^^^^^^^^^^^^^
  File "D:\Python\Lib\site-packages\django\db\models\query.py", line 390, in __iter__
    self._fetch_all()
    ~~~~~~~~~~~~~~~^^
  File "D:\Python\Lib\site-packages\django\db\models\query.py", line 2000, in _fetch_all
    self._result_cache = list(self._iterable_class(self))
                         ~~~~^^^^^^^^^^^^^^^^^^^^^^^^^^^^
  File "D:\Python\Lib\site-packages\django\db\models\query.py", line 222, in __iter__
    for row in compiler.results_iter(
               ~~~~~~~~~~~~~~~~~~~~~^
        chunked_fetch=self.chunked_fetch, chunk_size=self.chunk_size
        ^^^^^^^^^^^^^^^^^^^^^^^^^^^^^^^^^^^^^^^^^^^^^^^^^^^^^^^^^^^^
    ):
    ^
  File "D:\Python\Lib\site-packages\django\db\models\sql\compiler.py", line 1573, in results_iter
    results = self.execute_sql(
        MULTI, chunked_fetch=chunked_fetch, chunk_size=chunk_size
    )
  File "D:\Python\Lib\site-packages\django\db\models\sql\compiler.py", line 1622, in execute_sql
    cursor = self.connection.cursor()
  File "D:\Python\Lib\site-packages\django\utils\asyncio.py", line 26, in inner
    return func(*args, **kwargs)
  File "D:\Python\Lib\site-packages\django\db\backends\base\base.py", line 320, in cursor
    return self._cursor()
           ~~~~~~~~~~~~^^
  File "D:\Python\Lib\site-packages\django\db\backends\base\base.py", line 296, in _cursor
    self.ensure_connection()
    ~~~~~~~~~~~~~~~~~~~~~~^^
  File "D:\Python\Lib\site-packages\django\utils\asyncio.py", line 26, in inner
    return func(*args, **kwargs)
  File "D:\Python\Lib\site-packages\django\db\backends\base\base.py", line 278, in ensure_connection
    with self.wrap_database_errors:
         ^^^^^^^^^^^^^^^^^^^^^^^^^
  File "D:\Python\Lib\site-packages\django\db\utils.py", line 94, in __exit__
    raise dj_exc_value.with_traceback(traceback) from exc_value
  File "D:\Python\Lib\site-packages\django\db\backends\base\base.py", line 279, in ensure_connection
    self.connect()
    ~~~~~~~~~~~~^^
  File "D:\Python\Lib\site-packages\django\utils\asyncio.py", line 26, in inner
    return func(*args, **kwargs)
  File "D:\Python\Lib\site-packages\django\db\backends\base\base.py", line 256, in connect
    self.connection = self.get_new_connection(conn_params)
                      ~~~~~~~~~~~~~~~~~~~~~~~^^^^^^^^^^^^^
  File "D:\Python\Lib\site-packages\django\utils\asyncio.py", line 26, in inner
    return func(*args, **kwargs)
  File "D:\Python\Lib\site-packages\django\db\backends\postgresql\base.py", line 333, in get_new_connection
    connection = self.Database.connect(**conn_params)
  File "D:\Python\Lib\site-packages\psycopg2\__init__.py", line 135, in connect
    conn = _connect(dsn, connection_factory=connection_factory, **kwasync)
django.db.utils.OperationalError: could not translate host name "dpg-d9c9hn37uimc73d2dpu0-a.oregon-postgres.render.com" to address: Name or service not known

ERROR 2026-08-03 12:46:44,424 log 4900 18528 "GET /movies/ HTTP/1.1" 500 172244
INFO 2026-08-03 12:48:01,936 autoreload 1496 19128 Watching for file changes with StatReloader
INFO 2026-08-03 12:52:34,948 autoreload 18344 364 Watching for file changes with StatReloader
INFO 2026-08-03 23:40:32,287 autoreload 11572 11540 Watching for file changes with StatReloader
INFO 2026-08-03 23:40:44,735 log 11572 18596 "GET / HTTP/1.1" 200 1360294
INFO 2026-08-03 23:41:37,775 log 11572 3008 "GET / HTTP/1.1" 200 1360687
WARNING 2026-08-03 23:41:39,732 log 11572 3008 Not Found: /favicon.ico
WARNING 2026-08-03 23:41:39,734 log 11572 3008 "GET /favicon.ico HTTP/1.1" 404 5378
INFO 2026-08-03 23:42:05,507 log 11572 3008 "GET /movies/ HTTP/1.1" 200 142624
INFO 2026-08-03 23:42:05,532 log 11572 3008 "GET /media/movies/wild_strom_4998_r2uXxH1.jpg HTTP/1.1" 304 0
INFO 2026-08-03 23:42:05,542 log 11572 9856 "GET /media/movies/Eternal_Glory.jpg HTTP/1.1" 304 0
INFO 2026-08-03 23:42:05,565 log 11572 3008 "GET /media/movies/Eternal_Kingdom.jpg HTTP/1.1" 304 0
INFO 2026-08-03 23:42:05,565 log 11572 9856 "GET /media/movies/Broken_Empire.jpg HTTP/1.1" 304 0
INFO 2026-08-03 23:42:05,573 log 11572 20468 "GET /media/movies/Broken_Frontier_zj9wmIy.jpg HTTP/1.1" 304 0
INFO 2026-08-03 23:42:05,579 log 11572 13700 "GET /media/movies/Midnight_Empire.jpg HTTP/1.1" 304 0
INFO 2026-08-03 23:42:05,585 log 11572 9856 "GET /media/movies/Dark_Empire_iqnkPls.jpg HTTP/1.1" 304 0
INFO 2026-08-03 23:42:05,592 log 11572 3008 "GET /media/movies/Midnight_Frontier.jpg HTTP/1.1" 304 0
INFO 2026-08-03 23:42:05,597 log 11572 13700 "GET /media/movies/Jhoda_Akbar.jpg HTTP/1.1" 304 0
INFO 2026-08-03 23:42:05,598 log 11572 1196 "GET /media/movies/Wild_Journey.jpg HTTP/1.1" 304 0
INFO 2026-08-03 23:42:05,598 log 11572 8164 "GET /media/movies/Primal_Labyrinth.jpg HTTP/1.1" 304 0
INFO 2026-08-03 23:42:25,482 log 11572 13700 "GET /admin/ HTTP/1.1" 200 13617
INFO 2026-08-03 23:42:25,532 log 11572 13700 "GET /static/admin/css/base.css HTTP/1.1" 304 0
INFO 2026-08-03 23:42:25,535 log 11572 8164 "GET /static/admin/css/dark_mode.css HTTP/1.1" 304 0
INFO 2026-08-03 23:42:25,547 log 11572 1196 "GET /static/admin/js/theme.js HTTP/1.1" 304 0
INFO 2026-08-03 23:42:25,548 log 11572 9856 "GET /static/admin/css/dashboard.css HTTP/1.1" 304 0
INFO 2026-08-03 23:42:25,548 log 11572 20468 "GET /static/admin/css/responsive.css HTTP/1.1" 304 0
INFO 2026-08-03 23:42:25,548 log 11572 3008 "GET /static/admin/css/nav_sidebar.css HTTP/1.1" 304 0
INFO 2026-08-03 23:42:25,569 log 11572 9856 "GET /static/admin/img/icon-changelink.svg HTTP/1.1" 304 0
INFO 2026-08-03 23:42:25,573 log 11572 20468 "GET /static/admin/img/icon-addlink.svg HTTP/1.1" 304 0
INFO 2026-08-03 23:42:25,598 log 11572 3008 "GET /static/admin/js/nav_sidebar.js HTTP/1.1" 304 0
INFO 2026-08-03 23:42:33,724 log 11572 3008 "GET /admin/movies/movie/ HTTP/1.1" 200 64439
INFO 2026-08-03 23:42:33,762 log 11572 8164 "GET /static/admin/js/urlify.js HTTP/1.1" 304 0
INFO 2026-08-03 23:42:33,763 log 11572 1196 "GET /static/admin/js/admin/RelatedObjectLookups.js HTTP/1.1" 304 0
INFO 2026-08-03 23:42:33,764 log 11572 13700 "GET /static/admin/js/prepopulate.js HTTP/1.1" 304 0
INFO 2026-08-03 23:42:33,765 log 11572 3008 "GET /static/admin/css/changelists.css HTTP/1.1" 304 0
INFO 2026-08-03 23:42:33,765 log 11572 9856 "GET /static/admin/js/jquery.init.js HTTP/1.1" 304 0
INFO 2026-08-03 23:42:33,766 log 11572 20468 "GET /static/admin/js/vendor/jquery/jquery.js HTTP/1.1" 304 0
INFO 2026-08-03 23:42:33,791 log 11572 3008 "GET /static/admin/js/core.js HTTP/1.1" 304 0
INFO 2026-08-03 23:42:33,793 log 11572 1196 "GET /static/admin/js/actions.js HTTP/1.1" 304 0
INFO 2026-08-03 23:42:33,795 log 11572 13700 "GET /static/admin/js/vendor/xregexp/xregexp.js HTTP/1.1" 304 0
INFO 2026-08-03 23:42:33,814 log 11572 13700 "GET /static/admin/js/filters.js HTTP/1.1" 304 0
INFO 2026-08-03 23:42:36,255 log 11572 8164 "GET /admin/jsi18n/ HTTP/1.1" 200 3342
INFO 2026-08-03 23:42:36,305 log 11572 8164 "GET /static/admin/img/tooltag-add.svg HTTP/1.1" 304 0
INFO 2026-08-03 23:43:02,774 log 11572 8164 "GET /admin/movies/movie/?p=50 HTTP/1.1" 200 65671
INFO 2026-08-03 23:43:05,101 log 11572 8164 "GET /admin/jsi18n/ HTTP/1.1" 200 3342
INFO 2026-08-03 23:43:17,465 log 11572 8164 "GET /admin/movies/movie/?p=47 HTTP/1.1" 200 66196
INFO 2026-08-03 23:43:20,216 log 11572 8164 "GET /admin/jsi18n/ HTTP/1.1" 200 3342
INFO 2026-08-03 23:43:29,643 log 11572 8164 "GET /admin/movies/movie/?p=44 HTTP/1.1" 200 66473
INFO 2026-08-03 23:43:32,227 log 11572 8164 "GET /admin/jsi18n/ HTTP/1.1" 200 3342
INFO 2026-08-03 23:43:50,676 log 11572 8164 "GET /admin/movies/movie/?p=41 HTTP/1.1" 200 66284
INFO 2026-08-03 23:43:53,150 log 11572 8164 "GET /admin/jsi18n/ HTTP/1.1" 200 3342
INFO 2026-08-03 23:44:01,377 log 11572 8164 "GET /admin/movies/movie/?p=40 HTTP/1.1" 200 66943
INFO 2026-08-03 23:44:03,832 log 11572 8164 "GET /admin/jsi18n/ HTTP/1.1" 200 3342
INFO 2026-08-03 23:44:21,292 log 11572 8164 "GET /admin/movies/movie/1057/change/?_changelist_filters=p%3D40 HTTP/1.1" 200 17952
INFO 2026-08-03 23:44:21,316 log 11572 9856 "GET /static/admin/js/prepopulate_init.js HTTP/1.1" 304 0
INFO 2026-08-03 23:44:21,316 log 11572 3008 "GET /static/admin/js/SelectBox.js HTTP/1.1" 304 0
INFO 2026-08-03 23:44:21,317 log 11572 8164 "GET /static/admin/css/forms.css HTTP/1.1" 304 0
INFO 2026-08-03 23:44:21,318 log 11572 1196 "GET /static/admin/js/SelectFilter2.js HTTP/1.1" 304 0
INFO 2026-08-03 23:44:21,337 log 11572 1196 "GET /static/admin/css/widgets.css HTTP/1.1" 304 0
INFO 2026-08-03 23:44:21,346 log 11572 1196 "GET /static/admin/js/change_form.js HTTP/1.1" 304 0
INFO 2026-08-03 23:44:23,842 log 11572 13700 "GET /admin/jsi18n/ HTTP/1.1" 200 3342
INFO 2026-08-03 23:44:23,925 log 11572 13700 "GET /static/admin/img/search.svg HTTP/1.1" 304 0
INFO 2026-08-03 23:44:23,927 log 11572 1196 "GET /static/admin/img/selector-icons.svg HTTP/1.1" 304 0
INFO 2026-08-03 23:45:37,656 log 11572 1196 "POST /admin/movies/movie/1057/change/?_changelist_filters=p%3D40 HTTP/1.1" 302 0
INFO 2026-08-03 23:45:42,088 log 11572 1196 "GET /admin/movies/movie/?p=40 HTTP/1.1" 200 67142
INFO 2026-08-03 23:45:44,628 log 11572 1196 "GET /admin/jsi18n/ HTTP/1.1" 200 3342
INFO 2026-08-03 23:45:44,650 log 11572 1196 "GET /static/admin/img/icon-yes-dark.svg HTTP/1.1" 304 0
INFO 2026-08-03 23:46:14,307 log 11572 1196 "GET /admin/movies/movie/1101/change/?_changelist_filters=p%3D40 HTTP/1.1" 200 17964
INFO 2026-08-03 23:46:16,674 log 11572 1196 "GET /admin/jsi18n/ HTTP/1.1" 200 3342
INFO 2026-08-03 23:46:37,067 log 11572 13700 "GET /movies/ HTTP/1.1" 200 142608
INFO 2026-08-03 23:46:37,219 log 11572 13700 "GET /media/movies/Eternal_Empire.jpg HTTP/1.1" 200 8201
INFO 2026-08-03 23:47:06,347 log 11572 13700 "POST /admin/movies/movie/1101/change/?_changelist_filters=p%3D40 HTTP/1.1" 302 0
INFO 2026-08-03 23:47:10,669 log 11572 13700 "GET /admin/movies/movie/?p=40 HTTP/1.1" 200 67132
INFO 2026-08-03 23:47:13,047 log 11572 13700 "GET /admin/jsi18n/ HTTP/1.1" 200 3342
INFO 2026-08-03 23:47:32,678 log 11572 1196 "GET /movies/ HTTP/1.1" 200 142596
INFO 2026-08-03 23:47:32,700 log 11572 13700 "GET /media/movies/Eternal_Empire.jpg HTTP/1.1" 304 0
INFO 2026-08-03 23:47:32,702 log 11572 1196 "GET /media/movies/Broken_Journey.jpg HTTP/1.1" 200 12059
INFO 2026-08-03 23:48:02,138 log 11572 1196 "GET /admin/movies/movie/?p=37 HTTP/1.1" 200 66509
INFO 2026-08-03 23:48:04,677 log 11572 1196 "GET /admin/jsi18n/ HTTP/1.1" 200 3342
INFO 2026-08-03 23:48:22,945 log 11572 1196 "GET /admin/movies/movie/1362/change/?_changelist_filters=p%3D37 HTTP/1.1" 200 17921
INFO 2026-08-03 23:48:25,605 log 11572 1196 "GET /admin/jsi18n/ HTTP/1.1" 200 3342
INFO 2026-08-03 23:49:27,450 log 11572 1196 "POST /admin/movies/movie/1362/change/?_changelist_filters=p%3D37 HTTP/1.1" 302 0
INFO 2026-08-03 23:49:31,741 log 11572 1196 "GET /admin/movies/movie/?p=37 HTTP/1.1" 200 66710
INFO 2026-08-03 23:49:34,431 log 11572 1196 "GET /admin/jsi18n/ HTTP/1.1" 200 3342
INFO 2026-08-03 23:49:56,722 log 11572 13700 "GET /admin/movies/movie/1367/change/?_changelist_filters=p%3D37 HTTP/1.1" 200 17940
INFO 2026-08-03 23:49:59,112 log 11572 13700 "GET /admin/jsi18n/ HTTP/1.1" 200 3342
INFO 2026-08-03 23:50:02,879 log 11572 1196 "GET /movies/ HTTP/1.1" 200 142582
INFO 2026-08-03 23:50:02,904 log 11572 1196 "GET /media/movies/Eternal_Empire.jpg HTTP/1.1" 304 0
INFO 2026-08-03 23:50:02,905 log 11572 13700 "GET /media/movies/Broken_Journey.jpg HTTP/1.1" 304 0
INFO 2026-08-03 23:50:02,912 log 11572 13356 "GET /media/movies/Velvet_Labyrinth.jpg HTTP/1.1" 200 14412
INFO 2026-08-03 23:52:37,201 log 11572 13356 "POST /admin/movies/movie/1367/change/?_changelist_filters=p%3D37 HTTP/1.1" 302 0
INFO 2026-08-03 23:52:41,396 log 11572 13356 "GET /admin/movies/movie/?p=37 HTTP/1.1" 200 66679
INFO 2026-08-03 23:52:44,266 log 11572 13700 "GET /admin/jsi18n/ HTTP/1.1" 200 3342
INFO 2026-08-03 23:53:17,213 log 11572 13700 "GET /movies/ HTTP/1.1" 200 142551
INFO 2026-08-03 23:53:17,243 log 11572 13356 "GET /media/movies/Broken_Journey.jpg HTTP/1.1" 304 0
INFO 2026-08-03 23:53:17,244 log 11572 13700 "GET /media/movies/Eternal_Empire.jpg HTTP/1.1" 304 0
INFO 2026-08-03 23:53:17,254 log 11572 13356 "GET /media/movies/Velvet_Labyrinth.jpg HTTP/1.1" 304 0
INFO 2026-08-03 23:53:17,257 log 11572 1196 "GET /media/movies/Chhupa_Rustam.jpg HTTP/1.1" 200 11336
INFO 2026-08-03 23:54:33,516 log 11572 1196 "POST /admin/logout/ HTTP/1.1" 200 3475
INFO 2026-08-03 23:54:35,188 log 11572 1196 "POST /logout/ HTTP/1.1" 200 11192
INFO 2026-08-03 23:54:37,812 log 11572 1196 "GET /login/ HTTP/1.1" 200 14824
INFO 2026-08-04 09:35:17,595 autoreload 18780 17176 Watching for file changes with StatReloader
INFO 2026-08-04 09:35:41,009 autoreload 11696 12616 Watching for file changes with StatReloader
INFO 2026-08-04 09:36:12,882 log 11696 752 "GET / HTTP/1.1" 200 1360261
WARNING 2026-08-04 09:36:15,240 log 11696 752 Not Found: /favicon.ico
WARNING 2026-08-04 09:36:15,242 log 11696 752 "GET /favicon.ico HTTP/1.1" 404 5378
INFO 2026-08-04 09:36:15,438 log 11696 752 "GET /admin/ HTTP/1.1" 302 0
INFO 2026-08-04 09:36:15,577 log 11696 752 "GET /admin/login/?next=/admin/ HTTP/1.1" 200 4080
INFO 2026-08-04 09:36:15,634 log 11696 752 "GET /static/admin/css/base.css HTTP/1.1" 304 0
INFO 2026-08-04 09:36:15,635 log 11696 9256 "GET /static/admin/css/dark_mode.css HTTP/1.1" 304 0
INFO 2026-08-04 09:36:15,640 log 11696 18372 "GET /static/admin/js/theme.js HTTP/1.1" 304 0
INFO 2026-08-04 09:36:15,647 log 11696 18372 "GET /static/admin/css/nav_sidebar.css HTTP/1.1" 304 0
INFO 2026-08-04 09:36:15,651 log 11696 9256 "GET /static/admin/css/login.css HTTP/1.1" 304 0
INFO 2026-08-04 09:36:15,651 log 11696 752 "GET /static/admin/css/responsive.css HTTP/1.1" 304 0
INFO 2026-08-04 09:36:15,656 log 11696 18372 "GET /static/admin/js/nav_sidebar.js HTTP/1.1" 304 0
INFO 2026-08-04 09:36:16,663 log 11696 18372 "GET /admin/ HTTP/1.1" 302 0
INFO 2026-08-04 09:36:16,701 log 11696 18372 "GET /admin/login/?next=/admin/ HTTP/1.1" 200 4080
INFO 2026-08-04 09:36:22,884 log 11696 752 "GET /login/ HTTP/1.1" 200 14824
INFO 2026-08-04 09:36:24,890 log 11696 18372 "POST /admin/login/?next=/admin/ HTTP/1.1" 302 0
INFO 2026-08-04 09:36:27,586 log 11696 18372 "GET /admin/ HTTP/1.1" 200 13617
INFO 2026-08-04 09:36:27,603 log 11696 18372 "GET /static/admin/css/dashboard.css HTTP/1.1" 304 0
INFO 2026-08-04 09:36:27,616 log 11696 18372 "GET /static/admin/img/icon-changelink.svg HTTP/1.1" 304 0
INFO 2026-08-04 09:36:27,617 log 11696 9256 "GET /static/admin/img/icon-addlink.svg HTTP/1.1" 304 0
INFO 2026-08-04 09:36:29,861 log 11696 752 "POST /login/ HTTP/1.1" 302 0
INFO 2026-08-04 09:36:36,026 log 11696 752 "GET / HTTP/1.1" 200 1360654
INFO 2026-08-04 09:37:01,813 log 11696 752 "GET /movies/ HTTP/1.1" 200 142551
INFO 2026-08-04 09:37:01,851 log 11696 752 "GET /media/movies/Eternal_Glory.jpg HTTP/1.1" 304 0
INFO 2026-08-04 09:37:01,855 log 11696 18372 "GET /media/movies/wild_strom_4998_r2uXxH1.jpg HTTP/1.1" 304 0
INFO 2026-08-04 09:37:01,868 log 11696 13172 "GET /media/movies/Midnight_Empire.jpg HTTP/1.1" 304 0
INFO 2026-08-04 09:37:01,868 log 11696 18372 "GET /media/movies/Broken_Frontier_zj9wmIy.jpg HTTP/1.1" 304 0
INFO 2026-08-04 09:37:01,949 log 11696 18372 "GET /media/movies/Eternal_Kingdom.jpg HTTP/1.1" 304 0
INFO 2026-08-04 09:37:01,949 log 11696 13172 "GET /media/movies/Primal_Labyrinth.jpg HTTP/1.1" 304 0
INFO 2026-08-04 09:37:01,949 log 11696 752 "GET /media/movies/Broken_Empire.jpg HTTP/1.1" 304 0
INFO 2026-08-04 09:37:01,960 log 11696 13172 "GET /media/movies/Dark_Empire_iqnkPls.jpg HTTP/1.1" 304 0
INFO 2026-08-04 09:37:01,961 log 11696 752 "GET /media/movies/Wild_Journey.jpg HTTP/1.1" 304 0
INFO 2026-08-04 09:37:01,963 log 11696 18372 "GET /media/movies/Midnight_Frontier.jpg HTTP/1.1" 304 0
INFO 2026-08-04 09:37:01,972 log 11696 18372 "GET /media/movies/Jhoda_Akbar.jpg HTTP/1.1" 304 0
INFO 2026-08-04 09:37:01,973 log 11696 752 "GET /media/movies/Eternal_Empire.jpg HTTP/1.1" 304 0
INFO 2026-08-04 09:37:01,973 log 11696 13172 "GET /media/movies/Broken_Journey.jpg HTTP/1.1" 304 0
INFO 2026-08-04 09:37:01,986 log 11696 752 "GET /media/movies/Chhupa_Rustam.jpg HTTP/1.1" 304 0
INFO 2026-08-04 09:37:01,987 log 11696 13172 "GET /media/movies/Velvet_Labyrinth.jpg HTTP/1.1" 304 0
INFO 2026-08-04 09:37:02,395 log 11696 9256 "GET /admin/movies/movie/ HTTP/1.1" 200 64439
INFO 2026-08-04 09:37:02,430 log 11696 18372 "GET /static/admin/js/jquery.init.js HTTP/1.1" 304 0
INFO 2026-08-04 09:37:02,431 log 11696 752 "GET /static/admin/js/vendor/jquery/jquery.js HTTP/1.1" 304 0
INFO 2026-08-04 09:37:02,433 log 11696 9256 "GET /static/admin/css/changelists.css HTTP/1.1" 304 0
INFO 2026-08-04 09:37:02,440 log 11696 15816 "GET /static/admin/js/admin/RelatedObjectLookups.js HTTP/1.1" 304 0
INFO 2026-08-04 09:37:02,444 log 11696 18372 "GET /static/admin/js/urlify.js HTTP/1.1" 304 0
INFO 2026-08-04 09:37:02,448 log 11696 15076 "GET /static/admin/js/actions.js HTTP/1.1" 304 0
INFO 2026-08-04 09:37:02,449 log 11696 752 "GET /static/admin/js/prepopulate.js HTTP/1.1" 304 0
INFO 2026-08-04 09:37:02,451 log 11696 15816 "GET /static/admin/js/vendor/xregexp/xregexp.js HTTP/1.1" 304 0
INFO 2026-08-04 09:37:02,451 log 11696 9256 "GET /static/admin/js/core.js HTTP/1.1" 304 0
INFO 2026-08-04 09:37:02,464 log 11696 9256 "GET /static/admin/js/filters.js HTTP/1.1" 304 0
INFO 2026-08-04 09:37:04,674 log 11696 13172 "GET /admin/jsi18n/ HTTP/1.1" 200 3342
INFO 2026-08-04 09:37:04,750 log 11696 13172 "GET /static/admin/img/tooltag-add.svg HTTP/1.1" 304 0
INFO 2026-08-04 09:38:22,866 log 11696 17816 "GET /admin/movies/movie/4924/change/ HTTP/1.1" 200 17923
INFO 2026-08-04 09:38:22,894 log 11696 12144 "GET /static/admin/css/forms.css HTTP/1.1" 304 0
INFO 2026-08-04 09:38:22,901 log 11696 2412 "GET /static/admin/js/SelectBox.js HTTP/1.1" 304 0
INFO 2026-08-04 09:38:22,912 log 11696 12144 "GET /static/admin/css/widgets.css HTTP/1.1" 304 0
INFO 2026-08-04 09:38:22,916 log 11696 12748 "GET /static/admin/js/SelectFilter2.js HTTP/1.1" 304 0
INFO 2026-08-04 09:38:22,928 log 11696 17852 "GET /static/admin/js/prepopulate_init.js HTTP/1.1" 304 0
INFO 2026-08-04 09:38:22,937 log 11696 17852 "GET /static/admin/js/change_form.js HTTP/1.1" 304 0
INFO 2026-08-04 09:38:25,313 log 11696 17816 "GET /admin/jsi18n/ HTTP/1.1" 200 3342
INFO 2026-08-04 09:38:25,427 log 11696 17816 "GET /static/admin/img/search.svg HTTP/1.1" 304 0
INFO 2026-08-04 09:38:25,428 log 11696 17852 "GET /static/admin/img/selector-icons.svg HTTP/1.1" 304 0
INFO 2026-08-04 09:47:01,918 log 11696 15108 "POST /admin/movies/movie/4924/change/ HTTP/1.1" 302 0
INFO 2026-08-04 09:47:05,828 log 11696 15108 "GET /admin/movies/movie/ HTTP/1.1" 200 65004
INFO 2026-08-04 09:47:08,259 log 11696 15108 "GET /admin/jsi18n/ HTTP/1.1" 200 3342
INFO 2026-08-04 09:47:08,304 log 11696 15108 "GET /static/admin/img/icon-yes-dark.svg HTTP/1.1" 304 0
INFO 2026-08-04 09:47:32,117 log 11696 15108 "GET /movies/ HTTP/1.1" 200 142551
INFO 2026-08-04 09:48:15,308 log 11696 15108 "GET /admin/movies/movie/?p=50 HTTP/1.1" 200 65671
INFO 2026-08-04 09:48:17,884 log 11696 15108 "GET /admin/jsi18n/ HTTP/1.1" 200 3342
INFO 2026-08-04 09:48:30,469 log 11696 15108 "GET /admin/movies/movie/?p=47 HTTP/1.1" 200 66196
INFO 2026-08-04 09:48:33,252 log 11696 15108 "GET /admin/jsi18n/ HTTP/1.1" 200 3342
INFO 2026-08-04 09:48:40,909 log 11696 15108 "GET /admin/movies/movie/?p=44 HTTP/1.1" 200 66473
INFO 2026-08-04 09:48:43,588 log 11696 15108 "GET /admin/jsi18n/ HTTP/1.1" 200 3342
INFO 2026-08-04 09:48:52,717 log 11696 15108 "GET /admin/movies/movie/?p=41 HTTP/1.1" 200 66284
INFO 2026-08-04 09:48:55,362 log 11696 15108 "GET /admin/jsi18n/ HTTP/1.1" 200 3342
INFO 2026-08-04 09:49:08,883 log 11696 15108 "GET /admin/movies/movie/?p=38 HTTP/1.1" 200 66881
INFO 2026-08-04 09:49:11,545 log 11696 15108 "GET /admin/jsi18n/ HTTP/1.1" 200 3342
INFO 2026-08-04 09:49:21,591 log 11696 15108 "GET /admin/movies/movie/?p=35 HTTP/1.1" 200 66608
INFO 2026-08-04 09:49:24,144 log 11696 15108 "GET /admin/jsi18n/ HTTP/1.1" 200 3342
INFO 2026-08-04 09:49:51,665 log 11696 15108 "GET /admin/movies/movie/?p=34 HTTP/1.1" 200 66602
INFO 2026-08-04 09:49:54,454 log 11696 15108 "GET /admin/jsi18n/ HTTP/1.1" 200 3342
INFO 2026-08-04 09:50:07,322 log 11696 15108 "GET /admin/movies/movie/1635/change/?_changelist_filters=p%3D34 HTTP/1.1" 200 17992
INFO 2026-08-04 09:50:10,118 log 11696 15108 "GET /admin/jsi18n/ HTTP/1.1" 200 3342
INFO 2026-08-04 09:51:04,898 log 11696 15108 "POST /admin/movies/movie/1635/change/?_changelist_filters=p%3D34 HTTP/1.1" 302 0
INFO 2026-08-04 09:51:09,003 log 11696 15108 "GET /admin/movies/movie/?p=34 HTTP/1.1" 200 66797
INFO 2026-08-04 09:51:12,386 log 11696 15108 "GET /admin/jsi18n/ HTTP/1.1" 200 3342
INFO 2026-08-04 09:51:51,369 log 11696 15108 "GET /movies/ HTTP/1.1" 200 142525
INFO 2026-08-04 09:51:51,550 log 11696 15108 "GET /media/movies/Wild_Heart_eR6NuoY.jpg HTTP/1.1" 200 9357
INFO 2026-08-04 09:52:09,624 log 11696 15108 "GET /admin/movies/movie/?p=32 HTTP/1.1" 200 66797
INFO 2026-08-04 09:52:12,382 log 11696 15108 "GET /admin/jsi18n/ HTTP/1.1" 200 3342
INFO 2026-08-04 09:52:27,533 log 11696 15108 "GET /admin/movies/movie/1840/change/?_changelist_filters=p%3D32 HTTP/1.1" 200 17964
INFO 2026-08-04 09:52:30,310 log 11696 15108 "GET /admin/jsi18n/ HTTP/1.1" 200 3342
INFO 2026-08-04 09:55:34,200 log 11696 15108 "POST /admin/movies/movie/1840/change/?_changelist_filters=p%3D32 HTTP/1.1" 302 0
INFO 2026-08-04 09:55:38,080 log 11696 15108 "GET /admin/movies/movie/?p=32 HTTP/1.1" 200 67282
INFO 2026-08-04 09:55:40,766 log 11696 15108 "GET /admin/jsi18n/ HTTP/1.1" 200 3342
INFO 2026-08-04 09:56:18,330 log 11696 15108 "GET /movies/ HTTP/1.1" 200 143275
INFO 2026-08-04 09:56:18,380 log 11696 19924 "GET /media/movies/Wild_Heart_eR6NuoY.jpg HTTP/1.1" 304 0
INFO 2026-08-04 09:56:18,383 log 11696 15108 "GET /media/movies/War.jpg HTTP/1.1" 200 11438
INFO 2026-08-04 09:56:49,178 log 11696 15108 "GET /admin/movies/movie/?p=29 HTTP/1.1" 200 66690
INFO 2026-08-04 09:56:51,730 log 11696 15108 "GET /admin/jsi18n/ HTTP/1.1" 200 3342
INFO 2026-08-04 09:57:01,612 log 11696 15108 "GET /admin/movies/movie/?p=28 HTTP/1.1" 200 66646
INFO 2026-08-04 09:57:04,369 log 11696 15108 "GET /admin/jsi18n/ HTTP/1.1" 200 3342
INFO 2026-08-04 09:57:27,772 log 11696 15108 "GET /admin/movies/movie/2259/change/?_changelist_filters=p%3D28 HTTP/1.1" 200 17932
INFO 2026-08-04 09:57:30,545 log 11696 15108 "GET /admin/jsi18n/ HTTP/1.1" 200 3342
INFO 2026-08-04 09:57:46,096 log 11696 15108 "GET /admin/movies/movie/2259/change/?_changelist_filters=p%3D28 HTTP/1.1" 200 17932
INFO 2026-08-04 09:58:20,196 log 11696 15108 "GET /admin/movies/movie/2259/change/?_changelist_filters=p%3D28 HTTP/1.1" 200 17932
INFO 2026-08-04 09:58:52,658 log 11696 15108 "POST /admin/movies/movie/2259/change/?_changelist_filters=p%3D28 HTTP/1.1" 302 0
INFO 2026-08-04 09:58:56,951 log 11696 15108 "GET /admin/movies/movie/?p=28 HTTP/1.1" 200 66842
INFO 2026-08-04 09:58:59,526 log 11696 15108 "GET /admin/jsi18n/ HTTP/1.1" 200 3342
INFO 2026-08-04 09:59:27,883 log 11696 15108 "GET /movies/ HTTP/1.1" 200 143248
INFO 2026-08-04 09:59:27,919 log 11696 15108 "GET /media/movies/Wild_Heart_eR6NuoY.jpg HTTP/1.1" 304 0
INFO 2026-08-04 09:59:27,920 log 11696 19924 "GET /media/movies/War.jpg HTTP/1.1" 304 0
INFO 2026-08-04 09:59:27,936 log 11696 15108 "GET /media/movies/Dark_Legacy.jpg HTTP/1.1" 200 11142
INFO 2026-08-04 09:59:37,710 log 11696 15108 "GET /admin/movies/movie/2282/change/?_changelist_filters=p%3D28 HTTP/1.1" 200 17946
INFO 2026-08-04 09:59:40,499 log 11696 15108 "GET /admin/jsi18n/ HTTP/1.1" 200 3342
INFO 2026-08-04 10:02:30,055 log 11696 15108 "POST /admin/movies/movie/2282/change/?_changelist_filters=p%3D28 HTTP/1.1" 302 0
INFO 2026-08-04 10:02:33,912 log 11696 15108 "GET /admin/movies/movie/?p=28 HTTP/1.1" 200 67155
INFO 2026-08-04 10:02:36,410 log 11696 15108 "GET /admin/jsi18n/ HTTP/1.1" 200 3342
INFO 2026-08-04 10:03:06,721 log 11696 15108 "GET /movies/ HTTP/1.1" 200 143542
INFO 2026-08-04 10:03:06,753 log 11696 19924 "GET /media/movies/War.jpg HTTP/1.1" 304 0
INFO 2026-08-04 10:03:06,754 log 11696 15108 "GET /media/movies/Wild_Heart_eR6NuoY.jpg HTTP/1.1" 304 0
INFO 2026-08-04 10:03:06,795 log 11696 15108 "GET /media/movies/Dark_Legacy.jpg HTTP/1.1" 304 0
INFO 2026-08-04 10:03:06,803 log 11696 19924 "GET /media/movies/War_2.jpg HTTP/1.1" 200 14638
INFO 2026-08-04 10:03:25,898 log 11696 19924 "GET /admin/movies/movie/?p=26 HTTP/1.1" 200 66560
INFO 2026-08-04 10:03:28,627 log 11696 19924 "GET /admin/jsi18n/ HTTP/1.1" 200 3342
INFO 2026-08-04 10:03:47,376 log 11696 19924 "GET /admin/movies/movie/2433/change/?_changelist_filters=p%3D26 HTTP/1.1" 200 17936
INFO 2026-08-04 10:03:50,025 log 11696 19924 "GET /admin/jsi18n/ HTTP/1.1" 200 3342
INFO 2026-08-04 10:06:38,479 log 11696 7776 "POST /admin/movies/movie/2433/change/?_changelist_filters=p%3D26 HTTP/1.1" 302 0
INFO 2026-08-04 10:06:42,676 log 11696 7776 "GET /admin/movies/movie/?p=26 HTTP/1.1" 200 67221
INFO 2026-08-04 10:06:45,352 log 11696 7776 "GET /admin/jsi18n/ HTTP/1.1" 200 3342
INFO 2026-08-04 10:07:08,277 log 11696 19568 "GET /movies/ HTTP/1.1" 200 143981
INFO 2026-08-04 10:07:08,323 log 11696 7776 "GET /media/movies/War.jpg HTTP/1.1" 304 0
INFO 2026-08-04 10:07:08,326 log 11696 19568 "GET /media/movies/Wild_Heart_eR6NuoY.jpg HTTP/1.1" 304 0
INFO 2026-08-04 10:07:08,338 log 11696 15260 "GET /media/movies/Dark_Legacy.jpg HTTP/1.1" 304 0
INFO 2026-08-04 10:07:08,343 log 11696 20256 "GET /media/movies/War_2.jpg HTTP/1.1" 304 0
INFO 2026-08-04 10:07:08,343 log 11696 20388 "GET /media/movies/Pathan.jpg HTTP/1.1" 200 14725
INFO 2026-08-04 10:07:42,789 log 11696 20256 "GET /admin/movies/movie/2460/change/?_changelist_filters=p%3D26 HTTP/1.1" 200 17977
INFO 2026-08-04 10:07:45,331 log 11696 20256 "GET /admin/jsi18n/ HTTP/1.1" 200 3342
INFO 2026-08-04 10:10:27,033 log 11696 20256 "POST /admin/movies/movie/2460/change/?_changelist_filters=p%3D26 HTTP/1.1" 302 0
INFO 2026-08-04 10:10:31,442 log 11696 20256 "GET /admin/movies/movie/?p=26 HTTP/1.1" 200 67219
INFO 2026-08-04 10:10:34,002 log 11696 20256 "GET /admin/jsi18n/ HTTP/1.1" 200 3342
INFO 2026-08-04 10:11:01,710 log 11696 20256 "GET /movies/ HTTP/1.1" 200 143961
INFO 2026-08-04 10:11:01,752 log 11696 20388 "GET /media/movies/War.jpg HTTP/1.1" 304 0
INFO 2026-08-04 10:11:01,754 log 11696 20256 "GET /media/movies/Wild_Heart_eR6NuoY.jpg HTTP/1.1" 304 0
INFO 2026-08-04 10:11:01,775 log 11696 15260 "GET /media/movies/War_2.jpg HTTP/1.1" 304 0
INFO 2026-08-04 10:11:01,777 log 11696 20388 "GET /media/movies/Dark_Legacy.jpg HTTP/1.1" 304 0
INFO 2026-08-04 10:11:01,778 log 11696 19568 "GET /media/movies/Pathan.jpg HTTP/1.1" 304 0
INFO 2026-08-04 10:11:01,779 log 11696 7776 "GET /media/movies/Epic_Vengenance.jpg HTTP/1.1" 200 10933
INFO 2026-08-04 10:12:00,409 log 11696 7776 "GET /admin/movies/movie/2502/change/?_changelist_filters=p%3D26 HTTP/1.1" 200 17962
INFO 2026-08-04 10:12:02,715 log 11696 7776 "GET /admin/jsi18n/ HTTP/1.1" 200 3342
INFO 2026-08-04 10:16:02,994 log 11696 7776 "POST /admin/movies/movie/2502/change/?_changelist_filters=p%3D26 HTTP/1.1" 302 0
INFO 2026-08-04 10:16:07,017 log 11696 7776 "GET /admin/movies/movie/?p=26 HTTP/1.1" 200 67277
INFO 2026-08-04 10:16:09,548 log 11696 7776 "GET /admin/jsi18n/ HTTP/1.1" 200 3342
INFO 2026-08-04 10:16:46,318 log 11696 7776 "GET /movies/ HTTP/1.1" 200 144396
INFO 2026-08-04 10:16:46,348 log 11696 14880 "GET /media/movies/War.jpg HTTP/1.1" 304 0
INFO 2026-08-04 10:16:46,361 log 11696 7776 "GET /media/movies/Wild_Heart_eR6NuoY.jpg HTTP/1.1" 304 0
INFO 2026-08-04 10:16:46,387 log 11696 7776 "GET /media/movies/Dark_Legacy.jpg HTTP/1.1" 304 0
INFO 2026-08-04 10:16:46,389 log 11696 14880 "GET /media/movies/War_2.jpg HTTP/1.1" 304 0
INFO 2026-08-04 10:16:46,395 log 11696 12364 "GET /media/movies/Pathan.jpg HTTP/1.1" 304 0
INFO 2026-08-04 10:16:46,395 log 11696 10724 "GET /media/movies/Epic_Vengenance.jpg HTTP/1.1" 304 0
INFO 2026-08-04 10:16:46,400 log 11696 13048 "GET /media/movies/Tiger_Zinda_Hai.jpg HTTP/1.1" 200 11009
INFO 2026-08-04 10:17:18,223 basehttp 11696 13048 - Broken pipe from ('127.0.0.1', 54194)
INFO 2026-08-04 10:17:20,000 log 11696 12364 "GET /admin/movies/movie/?p=24 HTTP/1.1" 200 66873
INFO 2026-08-04 10:17:22,666 log 11696 12364 "GET /admin/jsi18n/ HTTP/1.1" 200 3342
INFO 2026-08-04 10:17:45,916 log 11696 12364 "GET /admin/movies/movie/2672/change/?_changelist_filters=p%3D24 HTTP/1.1" 200 17939
INFO 2026-08-04 10:17:48,259 log 11696 12364 "GET /admin/jsi18n/ HTTP/1.1" 200 3342
INFO 2026-08-04 10:20:48,492 log 11696 12364 "POST /admin/movies/movie/2672/change/?_changelist_filters=p%3D24 HTTP/1.1" 302 0
INFO 2026-08-04 10:20:52,747 log 11696 12364 "GET /admin/movies/movie/?p=24 HTTP/1.1" 200 67419
INFO 2026-08-04 10:20:55,462 log 11696 12364 "GET /admin/jsi18n/ HTTP/1.1" 200 3342
INFO 2026-08-04 10:21:25,349 log 11696 12364 "GET /movies/ HTTP/1.1" 200 145371
INFO 2026-08-04 10:21:25,387 log 11696 12364 "GET /media/movies/Wild_Heart_eR6NuoY.jpg HTTP/1.1" 304 0
INFO 2026-08-04 10:21:25,389 log 11696 10724 "GET /media/movies/War.jpg HTTP/1.1" 304 0
INFO 2026-08-04 10:21:25,414 log 11696 7776 "GET /media/movies/Epic_Vengenance.jpg HTTP/1.1" 304 0
INFO 2026-08-04 10:21:25,417 log 11696 14880 "GET /media/movies/Pathan.jpg HTTP/1.1" 304 0
INFO 2026-08-04 10:21:25,423 log 11696 12364 "GET /media/movies/War_2.jpg HTTP/1.1" 304 0
INFO 2026-08-04 10:21:25,428 log 11696 10724 "GET /media/movies/Dark_Legacy.jpg HTTP/1.1" 304 0
INFO 2026-08-04 10:21:25,431 log 11696 18668 "GET /media/movies/Ek_Tha_Tiger.jpg HTTP/1.1" 200 8408
INFO 2026-08-04 10:21:25,432 log 11696 456 "GET /media/movies/Tiger_Zinda_Hai.jpg HTTP/1.1" 304 0
INFO 2026-08-04 10:21:51,354 log 11696 456 "GET /movies/2502/theaters HTTP/1.1" 200 14350
INFO 2026-08-04 10:22:19,624 log 11696 456 "GET /admin/movies/movie/2687/change/?_changelist_filters=p%3D24 HTTP/1.1" 200 17930
INFO 2026-08-04 10:22:22,245 log 11696 456 "GET /admin/jsi18n/ HTTP/1.1" 200 3342
INFO 2026-08-04 10:25:22,814 log 11696 456 "POST /admin/movies/movie/2687/change/?_changelist_filters=p%3D24 HTTP/1.1" 302 0
INFO 2026-08-04 10:25:26,921 log 11696 456 "GET /admin/movies/movie/?p=24 HTTP/1.1" 200 67752
INFO 2026-08-04 10:25:29,475 log 11696 456 "GET /admin/jsi18n/ HTTP/1.1" 200 3342
INFO 2026-08-04 10:25:55,480 log 11696 456 "GET /movies/ HTTP/1.1" 200 145861
INFO 2026-08-04 10:25:55,518 log 11696 456 "GET /media/movies/Wild_Heart_eR6NuoY.jpg HTTP/1.1" 304 0
INFO 2026-08-04 10:25:55,540 log 11696 18668 "GET /media/movies/War.jpg HTTP/1.1" 304 0
INFO 2026-08-04 10:25:55,541 log 11696 12364 "GET /media/movies/Pathan.jpg HTTP/1.1" 304 0
INFO 2026-08-04 10:25:55,543 log 11696 14880 "GET /media/movies/Epic_Vengenance.jpg HTTP/1.1" 304 0
INFO 2026-08-04 10:25:55,550 log 11696 10724 "GET /media/movies/War_2.jpg HTTP/1.1" 304 0
INFO 2026-08-04 10:25:55,551 log 11696 456 "GET /media/movies/Dark_Legacy.jpg HTTP/1.1" 304 0
INFO 2026-08-04 10:25:55,552 log 11696 7776 "GET /media/movies/Tiger_Zinda_Hai.jpg HTTP/1.1" 304 0
INFO 2026-08-04 10:25:55,554 log 11696 18668 "GET /media/movies/Ek_Tha_Tiger.jpg HTTP/1.1" 304 0
INFO 2026-08-04 10:25:55,561 log 11696 12364 "GET /media/movies/The_Whisper.jpg HTTP/1.1" 200 6273
INFO 2026-08-04 10:41:10,263 log 11696 13280 "GET /admin/movies/movie/?p=24 HTTP/1.1" 200 67546
INFO 2026-08-04 10:41:18,783 log 11696 13280 "GET /admin/movies/theater/ HTTP/1.1" 200 15348
INFO 2026-08-04 10:41:21,215 log 11696 13280 "GET /admin/jsi18n/ HTTP/1.1" 200 3342
INFO 2026-08-04 10:48:33,809 log 11696 12560 "GET /admin/movies/theater/ HTTP/1.1" 200 56070
INFO 2026-08-04 10:48:36,105 log 11696 12560 "GET /admin/jsi18n/ HTTP/1.1" 200 3342
INFO 2026-08-04 10:48:44,470 log 11696 19980 "GET /movies/ HTTP/1.1" 200 145861
INFO 2026-08-04 10:48:44,522 log 11696 12560 "GET /media/movies/Broken_Journey.jpg HTTP/1.1" 304 0
INFO 2026-08-04 10:48:44,523 log 11696 19980 "GET /media/movies/Eternal_Empire.jpg HTTP/1.1" 304 0
INFO 2026-08-04 10:48:44,529 log 11696 12208 "GET /media/movies/Velvet_Labyrinth.jpg HTTP/1.1" 304 0
INFO 2026-08-04 10:48:44,558 log 11696 12208 "GET /media/movies/Chhupa_Rustam.jpg HTTP/1.1" 304 0
INFO 2026-08-04 10:48:44,563 log 11696 12560 "GET /media/movies/War.jpg HTTP/1.1" 304 0
INFO 2026-08-04 10:48:44,563 log 11696 19980 "GET /media/movies/Wild_Heart_eR6NuoY.jpg HTTP/1.1" 304 0
INFO 2026-08-04 10:48:44,600 log 11696 12560 "GET /media/movies/Pathan.jpg HTTP/1.1" 304 0
INFO 2026-08-04 10:48:44,610 log 11696 19980 "GET /media/movies/War_2.jpg HTTP/1.1" 304 0
INFO 2026-08-04 10:48:44,612 log 11696 12208 "GET /media/movies/Dark_Legacy.jpg HTTP/1.1" 304 0
INFO 2026-08-04 10:48:44,655 log 11696 12560 "GET /media/movies/Epic_Vengenance.jpg HTTP/1.1" 304 0
INFO 2026-08-04 10:48:44,655 log 11696 19980 "GET /media/movies/Ek_Tha_Tiger.jpg HTTP/1.1" 304 0
INFO 2026-08-04 10:48:44,679 log 11696 12208 "GET /media/movies/Tiger_Zinda_Hai.jpg HTTP/1.1" 304 0
INFO 2026-08-04 10:48:44,693 log 11696 19980 "GET /media/movies/The_Whisper.jpg HTTP/1.1" 304 0
INFO 2026-08-04 10:48:50,767 log 11696 19980 "GET /admin/movies/seat/ HTTP/1.1" 200 59196
INFO 2026-08-04 10:48:50,819 log 11696 19980 "GET /static/admin/img/icon-no.svg HTTP/1.1" 200 645
INFO 2026-08-04 10:48:53,369 log 11696 12208 "GET /admin/jsi18n/ HTTP/1.1" 200 3342
INFO 2026-08-04 10:49:14,457 log 11696 12208 "GET /movies/156/theaters HTTP/1.1" 200 16159
INFO 2026-08-04 10:49:22,251 log 11696 12208 "GET /movies/theater/336/seats/book/ HTTP/1.1" 200 29075
INFO 2026-08-04 10:49:57,472 log 11696 12208 "GET /movies/ HTTP/1.1" 200 145861
INFO 2026-08-04 10:50:03,199 log 11696 12208 "GET /profile/ HTTP/1.1" 200 16218
INFO 2026-08-04 10:50:14,131 log 11696 12208 "GET / HTTP/1.1" 200 1361270
INFO 2026-08-04 10:50:22,146 log 11696 12208 "GET /movies/8/theaters HTTP/1.1" 200 15189
INFO 2026-08-04 10:50:28,024 log 11696 12208 "GET /movies/theater/1/seats/book/ HTTP/1.1" 200 18820
INFO 2026-08-04 10:50:37,524 log 11696 12208 "GET /movies/11/theaters HTTP/1.1" 200 15193
INFO 2026-08-04 10:50:43,438 log 11696 12208 "GET /movies/theater/4/seats/book/ HTTP/1.1" 200 18822
INFO 2026-08-04 10:51:15,541 log 11696 12208 "GET /movies/ HTTP/1.1" 200 145861
INFO 2026-08-04 10:51:15,564 log 11696 12208 "GET /media/movies/The_Whisper.jpg HTTP/1.1" 304 0
INFO 2026-08-04 10:51:24,720 log 11696 12208 "GET /movies/1367/theaters HTTP/1.1" 200 16171
INFO 2026-08-04 10:51:31,888 log 11696 12208 "GET /movies/theater/2637/seats/book/ HTTP/1.1" 200 29156
